comment,date,netvalue,totvalue
0,"{""feeinfo"": [""\u5c0f\u4e8e7\u5929"", ""1.50%"", ""\u5927\u4e8e\u7b49\u4e8e7\u5929"", ""0.00%""], ""name"": ""\u5357\u65b9\u4e2d\u8bc1\u5168\u6307\u8bc1\u5238\u516c\u53f8ETF\u8054\u63a5C"", ""rate"": 0.0, ""segment"": [[0, 7], [7]]}",0.0,0.0
0,2017-03-08 00:00:00,1.0,1.0
0,2017-03-10 00:00:00,1.0001,1.0001
0,2017-03-17 00:00:00,1.0004,1.0004
0,2017-03-24 00:00:00,1.0008,1.0008
0,2017-03-30 00:00:00,1.0012,1.0012
0,2017-03-31 00:00:00,1.0012,1.0012
0,2017-04-05 00:00:00,1.0037,1.0037
0,2017-04-06 00:00:00,1.0016,1.0016
0,2017-04-07 00:00:00,1.0038,1.0038
0,2017-04-10 00:00:00,0.9957,0.9957
0,2017-04-11 00:00:00,0.9983,0.9983
0,2017-04-12 00:00:00,1.0034,1.0034
0,2017-04-13 00:00:00,0.9987,0.9987
0,2017-04-14 00:00:00,0.9903,0.9903
0,2017-04-17 00:00:00,0.9904,0.9904
0,2017-04-18 00:00:00,0.9787,0.9787
0,2017-04-19 00:00:00,0.9755,0.9755
0,2017-04-20 00:00:00,0.9728,0.9728
0,2017-04-21 00:00:00,0.9793,0.9793
0,2017-04-24 00:00:00,0.9793,0.9793
0,2017-04-25 00:00:00,0.9716,0.9716
0,2017-04-26 00:00:00,0.9741,0.9741
0,2017-04-27 00:00:00,0.9743,0.9743
0,2017-04-28 00:00:00,0.9752,0.9752
0,2017-05-02 00:00:00,0.9666,0.9666
0,2017-05-03 00:00:00,0.9619,0.9619
0,2017-05-04 00:00:00,0.9555,0.9555
0,2017-05-05 00:00:00,0.9418,0.9418
0,2017-05-08 00:00:00,0.9395,0.9395
0,2017-05-09 00:00:00,0.9361,0.9361
0,2017-05-10 00:00:00,0.9293,0.9293
0,2017-05-11 00:00:00,0.9321,0.9321
0,2017-05-12 00:00:00,0.9382,0.9382
0,2017-05-15 00:00:00,0.9438,0.9438
0,2017-05-16 00:00:00,0.9473,0.9473
0,2017-05-17 00:00:00,0.9463,0.9463
0,2017-05-18 00:00:00,0.9358,0.9358
0,2017-05-19 00:00:00,0.9339,0.9339
0,2017-05-22 00:00:00,0.924,0.924
0,2017-05-23 00:00:00,0.9261,0.9261
0,2017-05-24 00:00:00,0.9301,0.9301
0,2017-05-25 00:00:00,0.9628,0.9628
0,2017-05-26 00:00:00,0.9613,0.9613
0,2017-05-31 00:00:00,0.9681,0.9681
0,2017-06-01 00:00:00,0.9641,0.9641
0,2017-06-02 00:00:00,0.9616,0.9616
0,2017-06-05 00:00:00,0.9586,0.9586
0,2017-06-06 00:00:00,0.9604,0.9604
0,2017-06-07 00:00:00,0.9686,0.9686
0,2017-06-08 00:00:00,0.9676,0.9676
0,2017-06-09 00:00:00,0.9648,0.9648
0,2017-06-12 00:00:00,0.9544,0.9544
0,2017-06-13 00:00:00,0.9589,0.9589
0,2017-06-14 00:00:00,0.9594,0.9594
0,2017-06-15 00:00:00,0.9689,0.9689
0,2017-06-16 00:00:00,0.9656,0.9656
0,2017-06-19 00:00:00,0.9836,0.9836
0,2017-06-20 00:00:00,0.9827,0.9827
0,2017-06-21 00:00:00,0.9824,0.9824
0,2017-06-22 00:00:00,0.9831,0.9831
0,2017-06-23 00:00:00,0.9803,0.9803
0,2017-06-26 00:00:00,0.9907,0.9907
0,2017-06-27 00:00:00,0.9874,0.9874
0,2017-06-28 00:00:00,0.9842,0.9842
0,2017-06-29 00:00:00,0.9834,0.9834
0,2017-06-30 00:00:00,0.983,0.983
0,2017-07-03 00:00:00,0.9794,0.9794
0,2017-07-04 00:00:00,0.9724,0.9724
0,2017-07-05 00:00:00,0.9782,0.9782
0,2017-07-06 00:00:00,0.9752,0.9752
0,2017-07-07 00:00:00,0.9877,0.9877
0,2017-07-10 00:00:00,0.9951,0.9951
0,2017-07-11 00:00:00,0.9969,0.9969
0,2017-07-12 00:00:00,0.9934,0.9934
0,2017-07-13 00:00:00,1.0115,1.0115
0,2017-07-14 00:00:00,1.0103,1.0103
0,2017-07-17 00:00:00,0.9825,0.9825
0,2017-07-18 00:00:00,0.9764,0.9764
0,2017-07-19 00:00:00,1.0353,1.0353
0,2017-07-20 00:00:00,1.0316,1.0316
0,2017-07-21 00:00:00,1.0218,1.0218
0,2017-07-24 00:00:00,1.0231,1.0231
0,2017-07-25 00:00:00,1.0126,1.0126
0,2017-07-26 00:00:00,1.0195,1.0195
0,2017-07-27 00:00:00,1.0255,1.0255
0,2017-07-28 00:00:00,1.0172,1.0172
0,2017-07-31 00:00:00,1.0242,1.0242
0,2017-08-01 00:00:00,1.0345,1.0345
0,2017-08-02 00:00:00,1.0431,1.0431
0,2017-08-03 00:00:00,1.0367,1.0367
0,2017-08-04 00:00:00,1.0386,1.0386
0,2017-08-07 00:00:00,1.0278,1.0278
0,2017-08-08 00:00:00,1.0323,1.0323
0,2017-08-09 00:00:00,1.0198,1.0198
0,2017-08-10 00:00:00,1.021,1.021
0,2017-08-11 00:00:00,0.9923,0.9923
0,2017-08-14 00:00:00,1.0099,1.0099
0,2017-08-15 00:00:00,1.0055,1.0055
0,2017-08-16 00:00:00,1.0069,1.0069
0,2017-08-17 00:00:00,1.0156,1.0156
0,2017-08-18 00:00:00,1.0053,1.0053
0,2017-08-21 00:00:00,1.0114,1.0114
0,2017-08-22 00:00:00,1.0093,1.0093
0,2017-08-23 00:00:00,1.0185,1.0185
0,2017-08-24 00:00:00,1.0026,1.0026
0,2017-08-25 00:00:00,1.028,1.028
0,2017-08-28 00:00:00,1.0863,1.0863
0,2017-08-29 00:00:00,1.0748,1.0748
0,2017-08-30 00:00:00,1.0761,1.0761
0,2017-08-31 00:00:00,1.0874,1.0874
0,2017-09-01 00:00:00,1.0931,1.0931
0,2017-09-04 00:00:00,1.0899,1.0899
0,2017-09-05 00:00:00,1.0863,1.0863
0,2017-09-06 00:00:00,1.0834,1.0834
0,2017-09-07 00:00:00,1.0714,1.0714
0,2017-09-08 00:00:00,1.0674,1.0674
0,2017-09-11 00:00:00,1.0696,1.0696
0,2017-09-12 00:00:00,1.0803,1.0803
0,2017-09-13 00:00:00,1.0764,1.0764
0,2017-09-14 00:00:00,1.0733,1.0733
0,2017-09-15 00:00:00,1.076,1.076
0,2017-09-18 00:00:00,1.0874,1.0874
0,2017-09-19 00:00:00,1.0728,1.0728
0,2017-09-20 00:00:00,1.0744,1.0744
0,2017-09-21 00:00:00,1.0722,1.0722
0,2017-09-22 00:00:00,1.0709,1.0709
0,2017-09-25 00:00:00,1.0645,1.0645
0,2017-09-26 00:00:00,1.0639,1.0639
0,2017-09-27 00:00:00,1.0616,1.0616
0,2017-09-28 00:00:00,1.0592,1.0592
0,2017-09-29 00:00:00,1.0705,1.0705
0,2017-10-09 00:00:00,1.0702,1.0702
0,2017-10-10 00:00:00,1.0705,1.0705
0,2017-10-11 00:00:00,1.0656,1.0656
0,2017-10-12 00:00:00,1.061,1.061
0,2017-10-13 00:00:00,1.0626,1.0626
0,2017-10-16 00:00:00,1.0555,1.0555
0,2017-10-17 00:00:00,1.0482,1.0482
0,2017-10-18 00:00:00,1.0492,1.0492
0,2017-10-19 00:00:00,1.0296,1.0296
0,2017-10-20 00:00:00,1.0303,1.0303
0,2017-10-23 00:00:00,1.0243,1.0243
0,2017-10-24 00:00:00,1.0358,1.0358
0,2017-10-25 00:00:00,1.0369,1.0369
0,2017-10-26 00:00:00,1.0379,1.0379
0,2017-10-27 00:00:00,1.0287,1.0287
0,2017-10-30 00:00:00,1.007,1.007
0,2017-10-31 00:00:00,1.0004,1.0004
0,2017-11-01 00:00:00,0.9949,0.9949
0,2017-11-02 00:00:00,1.0003,1.0003
0,2017-11-03 00:00:00,0.9987,0.9987
0,2017-11-06 00:00:00,0.9951,0.9951
0,2017-11-07 00:00:00,1.0096,1.0096
0,2017-11-08 00:00:00,1.0264,1.0264
0,2017-11-09 00:00:00,1.0279,1.0279
0,2017-11-10 00:00:00,1.0283,1.0283
0,2017-11-13 00:00:00,1.0238,1.0238
0,2017-11-14 00:00:00,1.0145,1.0145
0,2017-11-15 00:00:00,1.0102,1.0102
0,2017-11-16 00:00:00,0.9936,0.9936
0,2017-11-17 00:00:00,1.005,1.005
0,2017-11-20 00:00:00,0.9905,0.9905
0,2017-11-21 00:00:00,1.028,1.028
0,2017-11-22 00:00:00,1.0308,1.0308
0,2017-11-23 00:00:00,1.0075,1.0075
0,2017-11-24 00:00:00,1.0092,1.0092
0,2017-11-27 00:00:00,1.0095,1.0095
0,2017-11-28 00:00:00,1.0084,1.0084
0,2017-11-29 00:00:00,1.0092,1.0092
0,2017-11-30 00:00:00,1.0063,1.0063
0,2017-12-01 00:00:00,1.0026,1.0026
0,2017-12-04 00:00:00,0.9947,0.9947
0,2017-12-05 00:00:00,1.0046,1.0046
0,2017-12-06 00:00:00,1.004,1.004
0,2017-12-07 00:00:00,0.9895,0.9895
0,2017-12-08 00:00:00,0.9869,0.9869
0,2017-12-11 00:00:00,0.9904,0.9904
0,2017-12-12 00:00:00,0.9741,0.9741
0,2017-12-13 00:00:00,0.9749,0.9749
0,2017-12-14 00:00:00,0.9596,0.9596
0,2017-12-15 00:00:00,0.9529,0.9529
0,2017-12-18 00:00:00,0.9485,0.9485
0,2017-12-19 00:00:00,0.9532,0.9532
0,2017-12-20 00:00:00,0.9404,0.9404
0,2017-12-21 00:00:00,0.9449,0.9449
0,2017-12-22 00:00:00,0.9366,0.9366
0,2017-12-25 00:00:00,0.9236,0.9236
0,2017-12-26 00:00:00,0.9314,0.9314
0,2017-12-27 00:00:00,0.9205,0.9205
0,2017-12-28 00:00:00,0.9252,0.9252
0,2017-12-29 00:00:00,0.9267,0.9267
0,2018-01-02 00:00:00,0.9395,0.9395
0,2018-01-03 00:00:00,0.9526,0.9526
0,2018-01-04 00:00:00,0.9496,0.9496
0,2018-01-05 00:00:00,0.9532,0.9532
0,2018-01-08 00:00:00,0.9726,0.9726
0,2018-01-09 00:00:00,0.9649,0.9649
0,2018-01-10 00:00:00,0.9626,0.9626
0,2018-01-11 00:00:00,0.9586,0.9586
0,2018-01-12 00:00:00,0.9561,0.9561
0,2018-01-15 00:00:00,0.9415,0.9415
0,2018-01-16 00:00:00,0.9631,0.9631
0,2018-01-17 00:00:00,0.992,0.992
0,2018-01-18 00:00:00,0.9998,0.9998
0,2018-01-19 00:00:00,1.0241,1.0241
0,2018-01-22 00:00:00,1.0217,1.0217
0,2018-01-23 00:00:00,1.026,1.026
0,2018-01-24 00:00:00,1.0612,1.0612
0,2018-01-25 00:00:00,1.0408,1.0408
0,2018-01-26 00:00:00,1.0402,1.0402
0,2018-01-29 00:00:00,1.0243,1.0243
0,2018-01-30 00:00:00,1.0119,1.0119
0,2018-01-31 00:00:00,0.9919,0.9919
0,2018-02-01 00:00:00,0.9824,0.9824
0,2018-02-02 00:00:00,0.9805,0.9805
0,2018-02-05 00:00:00,0.9857,0.9857
0,2018-02-06 00:00:00,0.9433,0.9433
0,2018-02-07 00:00:00,0.9314,0.9314
0,2018-02-08 00:00:00,0.927,0.927
0,2018-02-09 00:00:00,0.8629,0.8629
0,2018-02-12 00:00:00,0.8605,0.8605
0,2018-02-13 00:00:00,0.867,0.867
0,2018-02-14 00:00:00,0.8669,0.8669
0,2018-02-22 00:00:00,0.8747,0.8747
0,2018-02-23 00:00:00,0.88,0.88
0,2018-02-26 00:00:00,0.9006,0.9006
0,2018-02-27 00:00:00,0.8905,0.8905
0,2018-02-28 00:00:00,0.8861,0.8861
0,2018-03-01 00:00:00,0.8892,0.8892
0,2018-03-02 00:00:00,0.8799,0.8799
0,2018-03-05 00:00:00,0.8804,0.8804
0,2018-03-06 00:00:00,0.8982,0.8982
0,2018-03-07 00:00:00,0.8892,0.8892
0,2018-03-08 00:00:00,0.892,0.892
0,2018-03-09 00:00:00,0.9067,0.9067
0,2018-03-12 00:00:00,0.9191,0.9191
0,2018-03-13 00:00:00,0.9042,0.9042
0,2018-03-14 00:00:00,0.897,0.897
0,2018-03-15 00:00:00,0.8952,0.8952
0,2018-03-16 00:00:00,0.8842,0.8842
0,2018-03-19 00:00:00,0.8862,0.8862
0,2018-03-20 00:00:00,0.8856,0.8856
0,2018-03-21 00:00:00,0.8874,0.8874
0,2018-03-22 00:00:00,0.8866,0.8866
0,2018-03-23 00:00:00,0.8416,0.8416
0,2018-03-26 00:00:00,0.8468,0.8468
0,2018-03-27 00:00:00,0.8583,0.8583
0,2018-03-28 00:00:00,0.8489,0.8489
0,2018-03-29 00:00:00,0.867,0.867
0,2018-03-30 00:00:00,0.8713,0.8713
0,2018-04-02 00:00:00,0.8803,0.8803
0,2018-04-03 00:00:00,0.8814,0.8814
0,2018-04-04 00:00:00,0.873,0.873
0,2018-04-09 00:00:00,0.8778,0.8778
0,2018-04-10 00:00:00,0.8927,0.8927
0,2018-04-11 00:00:00,0.8874,0.8874
0,2018-04-12 00:00:00,0.8806,0.8806
0,2018-04-13 00:00:00,0.8714,0.8714
0,2018-04-16 00:00:00,0.8531,0.8531
0,2018-04-17 00:00:00,0.8537,0.8537
0,2018-04-18 00:00:00,0.8657,0.8657
0,2018-04-19 00:00:00,0.8704,0.8704
0,2018-04-20 00:00:00,0.8421,0.8421
0,2018-04-23 00:00:00,0.8498,0.8498
0,2018-04-24 00:00:00,0.8707,0.8707
0,2018-04-25 00:00:00,0.8658,0.8658
0,2018-04-26 00:00:00,0.8478,0.8478
0,2018-04-27 00:00:00,0.8603,0.8603
0,2018-05-02 00:00:00,0.863,0.863
0,2018-05-03 00:00:00,0.8837,0.8837
0,2018-05-04 00:00:00,0.8763,0.8763
0,2018-05-07 00:00:00,0.8856,0.8856
0,2018-05-08 00:00:00,0.8889,0.8889
0,2018-05-09 00:00:00,0.8799,0.8799
0,2018-05-10 00:00:00,0.8862,0.8862
0,2018-05-11 00:00:00,0.875,0.875
0,2018-05-14 00:00:00,0.8787,0.8787
0,2018-05-15 00:00:00,0.8753,0.8753
0,2018-05-16 00:00:00,0.8651,0.8651
0,2018-05-17 00:00:00,0.8591,0.8591
0,2018-05-18 00:00:00,0.8694,0.8694
0,2018-05-21 00:00:00,0.8749,0.8749
0,2018-05-22 00:00:00,0.8697,0.8697
0,2018-05-23 00:00:00,0.8601,0.8601
0,2018-05-24 00:00:00,0.8541,0.8541
0,2018-05-25 00:00:00,0.8447,0.8447
0,2018-05-28 00:00:00,0.8446,0.8446
0,2018-05-29 00:00:00,0.8321,0.8321
0,2018-05-30 00:00:00,0.8019,0.8019
0,2018-05-31 00:00:00,0.814,0.814
0,2018-06-01 00:00:00,0.8169,0.8169
0,2018-06-04 00:00:00,0.813,0.813
0,2018-06-05 00:00:00,0.8169,0.8169
0,2018-06-06 00:00:00,0.8157,0.8157
0,2018-06-07 00:00:00,0.8216,0.8216
0,2018-06-08 00:00:00,0.8035,0.8035
0,2018-06-11 00:00:00,0.8058,0.8058
0,2018-06-12 00:00:00,0.8088,0.8088
0,2018-06-13 00:00:00,0.7948,0.7948
0,2018-06-14 00:00:00,0.8002,0.8002
0,2018-06-15 00:00:00,0.7909,0.7909
0,2018-06-19 00:00:00,0.7389,0.7389
0,2018-06-20 00:00:00,0.7372,0.7372
0,2018-06-21 00:00:00,0.7151,0.7151
0,2018-06-22 00:00:00,0.7259,0.7259
0,2018-06-25 00:00:00,0.7172,0.7172
0,2018-06-26 00:00:00,0.7238,0.7238
0,2018-06-27 00:00:00,0.7174,0.7174
0,2018-06-28 00:00:00,0.7253,0.7253
0,2018-06-29 00:00:00,0.7413,0.7413
0,2018-07-02 00:00:00,0.7235,0.7235
0,2018-07-03 00:00:00,0.7338,0.7338
0,2018-07-04 00:00:00,0.7242,0.7242
0,2018-07-05 00:00:00,0.7163,0.7163
0,2018-07-06 00:00:00,0.7213,0.7213
0,2018-07-09 00:00:00,0.7341,0.7341
0,2018-07-10 00:00:00,0.7338,0.7338
0,2018-07-11 00:00:00,0.7125,0.7125
0,2018-07-12 00:00:00,0.7327,0.7327
0,2018-07-13 00:00:00,0.7305,0.7305
0,2018-07-16 00:00:00,0.7279,0.7279
0,2018-07-17 00:00:00,0.7231,0.7231
0,2018-07-18 00:00:00,0.7182,0.7182
0,2018-07-19 00:00:00,0.7152,0.7152
0,2018-07-20 00:00:00,0.737,0.737
0,2018-07-23 00:00:00,0.7463,0.7463
0,2018-07-24 00:00:00,0.759,0.759
0,2018-07-25 00:00:00,0.7543,0.7543
0,2018-07-26 00:00:00,0.7489,0.7489
0,2018-07-27 00:00:00,0.7447,0.7447
0,2018-07-30 00:00:00,0.7409,0.7409
0,2018-07-31 00:00:00,0.7424,0.7424
0,2018-08-01 00:00:00,0.7274,0.7274
0,2018-08-02 00:00:00,0.7084,0.7084
0,2018-08-03 00:00:00,0.7031,0.7031
0,2018-08-06 00:00:00,0.6941,0.6941
0,2018-08-07 00:00:00,0.7142,0.7142
0,2018-08-08 00:00:00,0.7025,0.7025
0,2018-08-09 00:00:00,0.7152,0.7152
0,2018-08-10 00:00:00,0.7156,0.7156
0,2018-08-13 00:00:00,0.712,0.712
0,2018-08-14 00:00:00,0.7107,0.7107
0,2018-08-15 00:00:00,0.6973,0.6973
0,2018-08-16 00:00:00,0.704,0.704
0,2018-08-17 00:00:00,0.697,0.697
0,2018-08-20 00:00:00,0.7087,0.7087
0,2018-08-21 00:00:00,0.7127,0.7127
0,2018-08-22 00:00:00,0.7091,0.7091
0,2018-08-23 00:00:00,0.7142,0.7142
0,2018-08-24 00:00:00,0.718,0.718
0,2018-08-27 00:00:00,0.7269,0.7269
0,2018-08-28 00:00:00,0.7225,0.7225
0,2018-08-29 00:00:00,0.7189,0.7189
0,2018-08-30 00:00:00,0.7091,0.7091
0,2018-08-31 00:00:00,0.7119,0.7119
0,2018-09-03 00:00:00,0.7091,0.7091
0,2018-09-04 00:00:00,0.7153,0.7153
0,2018-09-05 00:00:00,0.7048,0.7048
0,2018-09-06 00:00:00,0.7026,0.7026
0,2018-09-07 00:00:00,0.7036,0.7036
0,2018-09-10 00:00:00,0.6839,0.6839
0,2018-09-11 00:00:00,0.6872,0.6872
0,2018-09-12 00:00:00,0.6899,0.6899
0,2018-09-13 00:00:00,0.6991,0.6991
0,2018-09-14 00:00:00,0.6957,0.6957
0,2018-09-17 00:00:00,0.6926,0.6926
0,2018-09-18 00:00:00,0.7048,0.7048
0,2018-09-19 00:00:00,0.7092,0.7092
0,2018-09-20 00:00:00,0.7082,0.7082
0,2018-09-21 00:00:00,0.7242,0.7242
0,2018-09-25 00:00:00,0.7161,0.7161
0,2018-09-26 00:00:00,0.7199,0.7199
0,2018-09-27 00:00:00,0.7151,0.7151
0,2018-09-28 00:00:00,0.721,0.721
0,2018-10-08 00:00:00,0.6948,0.6948
0,2018-10-09 00:00:00,0.6938,0.6938
0,2018-10-10 00:00:00,0.6962,0.6962
0,2018-10-11 00:00:00,0.6485,0.6485
0,2018-10-12 00:00:00,0.6362,0.6362
0,2018-10-15 00:00:00,0.6282,0.6282
0,2018-10-16 00:00:00,0.6237,0.6237
0,2018-10-17 00:00:00,0.6308,0.6308
0,2018-10-18 00:00:00,0.6201,0.6201
0,2018-10-19 00:00:00,0.64,0.64
0,2018-10-22 00:00:00,0.7009,0.7009
0,2018-10-23 00:00:00,0.6996,0.6996
0,2018-10-24 00:00:00,0.715,0.715
0,2018-10-25 00:00:00,0.7423,0.7423
0,2018-10-26 00:00:00,0.7239,0.7239
0,2018-10-29 00:00:00,0.7181,0.7181
0,2018-10-30 00:00:00,0.7512,0.7512
0,2018-10-31 00:00:00,0.7432,0.7432
0,2018-11-01 00:00:00,0.7508,0.7508
0,2018-11-02 00:00:00,0.7698,0.7698
0,2018-11-05 00:00:00,0.77,0.77
0,2018-11-06 00:00:00,0.7641,0.7641
0,2018-11-07 00:00:00,0.7505,0.7505
0,2018-11-08 00:00:00,0.7392,0.7392
0,2018-11-09 00:00:00,0.7397,0.7397
0,2018-11-12 00:00:00,0.7523,0.7523
0,2018-11-13 00:00:00,0.7709,0.7709
0,2018-11-14 00:00:00,0.7594,0.7594
0,2018-11-15 00:00:00,0.7808,0.7808
0,2018-11-16 00:00:00,0.7993,0.7993
0,2018-11-19 00:00:00,0.8228,0.8228
0,2018-11-20 00:00:00,0.7877,0.7877
0,2018-11-21 00:00:00,0.7891,0.7891
0,2018-11-22 00:00:00,0.782,0.782
0,2018-11-23 00:00:00,0.7593,0.7593
0,2018-11-26 00:00:00,0.7562,0.7562
0,2018-11-27 00:00:00,0.7583,0.7583
0,2018-11-28 00:00:00,0.7769,0.7769
0,2018-11-29 00:00:00,0.7531,0.7531
0,2018-11-30 00:00:00,0.7643,0.7643
0,2018-12-03 00:00:00,0.7855,0.7855
0,2018-12-04 00:00:00,0.7937,0.7937
0,2018-12-05 00:00:00,0.7832,0.7832
0,2018-12-06 00:00:00,0.7627,0.7627
0,2018-12-07 00:00:00,0.765,0.765
0,2018-12-10 00:00:00,0.7554,0.7554
0,2018-12-11 00:00:00,0.7578,0.7578
0,2018-12-12 00:00:00,0.7599,0.7599
0,2018-12-13 00:00:00,0.7682,0.7682
0,2018-12-14 00:00:00,0.7468,0.7468
0,2018-12-17 00:00:00,0.7505,0.7505
0,2018-12-18 00:00:00,0.7388,0.7388
0,2018-12-19 00:00:00,0.7327,0.7327
0,2018-12-20 00:00:00,0.7394,0.7394
0,2018-12-21 00:00:00,0.727,0.727
0,2018-12-24 00:00:00,0.7208,0.7208
0,2018-12-25 00:00:00,0.7058,0.7058
0,2018-12-26 00:00:00,0.7016,0.7016
0,2018-12-27 00:00:00,0.7002,0.7002
0,2018-12-28 00:00:00,0.7133,0.7133
0,2019-01-02 00:00:00,0.7115,0.7115
0,2019-01-03 00:00:00,0.7265,0.7265
0,2019-01-04 00:00:00,0.7731,0.7731
0,2019-01-07 00:00:00,0.774,0.774
0,2019-01-08 00:00:00,0.7764,0.7764
0,2019-01-09 00:00:00,0.7778,0.7778
0,2019-01-10 00:00:00,0.7695,0.7695
0,2019-01-11 00:00:00,0.774,0.774
0,2019-01-14 00:00:00,0.7713,0.7713
0,2019-01-15 00:00:00,0.7899,0.7899
0,2019-01-16 00:00:00,0.783,0.783
0,2019-01-17 00:00:00,0.7756,0.7756
0,2019-01-18 00:00:00,0.785,0.785
0,2019-01-21 00:00:00,0.7805,0.7805
0,2019-01-22 00:00:00,0.7696,0.7696
0,2019-01-23 00:00:00,0.7685,0.7685
0,2019-01-24 00:00:00,0.78,0.78
0,2019-01-25 00:00:00,0.7775,0.7775
0,2019-01-28 00:00:00,0.7758,0.7758
0,2019-01-29 00:00:00,0.7689,0.7689
0,2019-01-30 00:00:00,0.7597,0.7597
0,2019-01-31 00:00:00,0.7683,0.7683
0,2019-02-01 00:00:00,0.788,0.788
0,2019-02-11 00:00:00,0.8006,0.8006
0,2019-02-12 00:00:00,0.806,0.806
0,2019-02-13 00:00:00,0.8329,0.8329
0,2019-02-14 00:00:00,0.83,0.83
0,2019-02-15 00:00:00,0.8127,0.8127
0,2019-02-18 00:00:00,0.856,0.856
0,2019-02-19 00:00:00,0.8611,0.8611
0,2019-02-20 00:00:00,0.8656,0.8656
0,2019-02-21 00:00:00,0.8722,0.8722
0,2019-02-22 00:00:00,0.9525,0.9525
0,2019-02-25 00:00:00,1.0371,1.0371
0,2019-02-26 00:00:00,1.0244,1.0244
0,2019-02-27 00:00:00,1.0158,1.0158
0,2019-02-28 00:00:00,0.9832,0.9832
0,2019-03-01 00:00:00,1.0096,1.0096
0,2019-03-04 00:00:00,1.0175,1.0175
0,2019-03-05 00:00:00,1.02,1.02
0,2019-03-06 00:00:00,1.0725,1.0725
0,2019-03-07 00:00:00,1.1107,1.1107
0,2019-03-08 00:00:00,1.0237,1.0237
0,2019-03-11 00:00:00,1.0365,1.0365
0,2019-03-12 00:00:00,1.0474,1.0474
0,2019-03-13 00:00:00,1.03,1.03
0,2019-03-14 00:00:00,0.9968,0.9968
0,2019-03-15 00:00:00,1.0093,1.0093
0,2019-03-18 00:00:00,1.0326,1.0326
0,2019-03-19 00:00:00,1.0224,1.0224
0,2019-03-20 00:00:00,1.0365,1.0365
0,2019-03-21 00:00:00,1.0514,1.0514
0,2019-03-22 00:00:00,1.04,1.04
0,2019-03-25 00:00:00,1.0026,1.0026
0,2019-03-26 00:00:00,0.9729,0.9729
0,2019-03-27 00:00:00,0.9775,0.9775
0,2019-03-28 00:00:00,0.9708,0.9708
0,2019-03-29 00:00:00,1.0428,1.0428
0,2019-04-01 00:00:00,1.0627,1.0627
0,2019-04-02 00:00:00,1.0601,1.0601
0,2019-04-03 00:00:00,1.1109,1.1109
0,2019-04-04 00:00:00,1.1116,1.1116
0,2019-04-08 00:00:00,1.0873,1.0873
0,2019-04-09 00:00:00,1.0883,1.0883
0,2019-04-10 00:00:00,1.0745,1.0745
0,2019-04-11 00:00:00,1.0529,1.0529
0,2019-04-12 00:00:00,1.0572,1.0572
0,2019-04-15 00:00:00,1.0366,1.0366
0,2019-04-16 00:00:00,1.0634,1.0634
0,2019-04-17 00:00:00,1.0534,1.0534
0,2019-04-18 00:00:00,1.0463,1.0463
0,2019-04-19 00:00:00,1.0591,1.0591
0,2019-04-22 00:00:00,1.0341,1.0341
0,2019-04-23 00:00:00,1.04,1.04
0,2019-04-24 00:00:00,1.0491,1.0491
0,2019-04-25 00:00:00,1.0182,1.0182
0,2019-04-26 00:00:00,1.0244,1.0244
0,2019-04-29 00:00:00,0.9842,0.9842
0,2019-04-30 00:00:00,0.9893,0.9893
0,2019-05-06 00:00:00,0.9013,0.9013
0,2019-05-07 00:00:00,0.9135,0.9135
0,2019-05-08 00:00:00,0.9004,0.9004
0,2019-05-09 00:00:00,0.8883,0.8883
0,2019-05-10 00:00:00,0.9264,0.9264
0,2019-05-13 00:00:00,0.9063,0.9063
0,2019-05-14 00:00:00,0.8971,0.8971
0,2019-05-15 00:00:00,0.9124,0.9124
0,2019-05-16 00:00:00,0.9125,0.9125
0,2019-05-17 00:00:00,0.8766,0.8766
0,2019-05-20 00:00:00,0.8852,0.8852
0,2019-05-21 00:00:00,0.8975,0.8975
0,2019-05-22 00:00:00,0.8886,0.8886
0,2019-05-23 00:00:00,0.8865,0.8865
0,2019-05-24 00:00:00,0.8862,0.8862
0,2019-05-27 00:00:00,0.9104,0.9104
0,2019-05-28 00:00:00,0.9109,0.9109
0,2019-05-29 00:00:00,0.9066,0.9066
0,2019-05-30 00:00:00,0.8954,0.8954
0,2019-05-31 00:00:00,0.8907,0.8907
0,2019-06-03 00:00:00,0.891,0.891
0,2019-06-04 00:00:00,0.8882,0.8882
0,2019-06-05 00:00:00,0.8948,0.8948
0,2019-06-06 00:00:00,0.8864,0.8864
0,2019-06-10 00:00:00,0.8755,0.8755
0,2019-06-11 00:00:00,0.9188,0.9188
0,2019-06-12 00:00:00,0.9082,0.9082
0,2019-06-13 00:00:00,0.9141,0.9141
0,2019-06-14 00:00:00,0.8967,0.8967
0,2019-06-17 00:00:00,0.9027,0.9027
0,2019-06-18 00:00:00,0.9013,0.9013
0,2019-06-19 00:00:00,0.9197,0.9197
0,2019-06-20 00:00:00,0.9719,0.9719
0,2019-06-21 00:00:00,0.9864,0.9864
0,2019-06-24 00:00:00,0.9842,0.9842
0,2019-06-25 00:00:00,0.986,0.986
0,2019-06-26 00:00:00,0.9662,0.9662
0,2019-06-27 00:00:00,0.9795,0.9795
0,2019-06-28 00:00:00,0.9764,0.9764
0,2019-07-01 00:00:00,0.9967,0.9967
0,2019-07-02 00:00:00,0.988,0.988
0,2019-07-03 00:00:00,0.9713,0.9713
0,2019-07-04 00:00:00,0.9722,0.9722
0,2019-07-05 00:00:00,0.9714,0.9714
0,2019-07-08 00:00:00,0.9476,0.9476
0,2019-07-09 00:00:00,0.9544,0.9544
0,2019-07-10 00:00:00,0.9531,0.9531
0,2019-07-11 00:00:00,0.9528,0.9528
0,2019-07-12 00:00:00,0.9567,0.9567
0,2019-07-15 00:00:00,0.9747,0.9747
0,2019-07-16 00:00:00,0.9704,0.9704
0,2019-07-17 00:00:00,0.9676,0.9676
0,2019-07-18 00:00:00,0.9547,0.9547
0,2019-07-19 00:00:00,0.9726,0.9726
0,2019-07-22 00:00:00,0.9553,0.9553
0,2019-07-23 00:00:00,0.9602,0.9602
0,2019-07-24 00:00:00,0.9669,0.9669
0,2019-07-25 00:00:00,0.9709,0.9709
0,2019-07-26 00:00:00,0.9673,0.9673
0,2019-07-29 00:00:00,0.9533,0.9533
0,2019-07-30 00:00:00,0.9612,0.9612
0,2019-07-31 00:00:00,0.9566,0.9566
0,2019-08-01 00:00:00,0.9445,0.9445
0,2019-08-02 00:00:00,0.9174,0.9174
0,2019-08-05 00:00:00,0.8994,0.8994
0,2019-08-06 00:00:00,0.8945,0.8945
0,2019-08-07 00:00:00,0.8809,0.8809
0,2019-08-08 00:00:00,0.8937,0.8937
0,2019-08-09 00:00:00,0.8828,0.8828
0,2019-08-12 00:00:00,0.9029,0.9029
0,2019-08-13 00:00:00,0.8921,0.8921
0,2019-08-14 00:00:00,0.8935,0.8935
0,2019-08-15 00:00:00,0.8926,0.8926
0,2019-08-16 00:00:00,0.8955,0.8955
0,2019-08-19 00:00:00,0.9533,0.9533
0,2019-08-20 00:00:00,0.9466,0.9466
0,2019-08-21 00:00:00,0.9436,0.9436
0,2019-08-22 00:00:00,0.9424,0.9424
0,2019-08-23 00:00:00,0.9384,0.9384
0,2019-08-26 00:00:00,0.9247,0.9247
0,2019-08-27 00:00:00,0.9416,0.9416
0,2019-08-28 00:00:00,0.9291,0.9291
0,2019-08-29 00:00:00,0.9238,0.9238
0,2019-08-30 00:00:00,0.92,0.92
0,2019-09-02 00:00:00,0.9389,0.9389
0,2019-09-03 00:00:00,0.9408,0.9408
0,2019-09-04 00:00:00,0.9561,0.9561
0,2019-09-05 00:00:00,0.9826,0.9826
0,2019-09-06 00:00:00,0.9916,0.9916
0,2019-09-09 00:00:00,1.0041,1.0041
0,2019-09-10 00:00:00,1.0066,1.0066
0,2019-09-11 00:00:00,1.0149,1.0149
0,2019-09-12 00:00:00,1.0287,1.0287
0,2019-09-16 00:00:00,1.0142,1.0142
0,2019-09-17 00:00:00,0.9875,0.9875
0,2019-09-18 00:00:00,0.9813,0.9813
0,2019-09-19 00:00:00,0.9881,0.9881
0,2019-09-20 00:00:00,0.9828,0.9828
0,2019-09-23 00:00:00,0.9691,0.9691
0,2019-09-24 00:00:00,0.9702,0.9702
0,2019-09-25 00:00:00,0.9634,0.9634
0,2019-09-26 00:00:00,0.9515,0.9515
0,2019-09-27 00:00:00,0.9578,0.9578
0,2019-09-30 00:00:00,0.9372,0.9372
0,2019-10-08 00:00:00,0.9313,0.9313
0,2019-10-09 00:00:00,0.9334,0.9334
0,2019-10-10 00:00:00,0.9402,0.9402
0,2019-10-11 00:00:00,0.9568,0.9568
0,2019-10-14 00:00:00,0.97,0.97
0,2019-10-15 00:00:00,0.9579,0.9579
0,2019-10-16 00:00:00,0.9539,0.9539
0,2019-10-17 00:00:00,0.9493,0.9493
0,2019-10-18 00:00:00,0.9292,0.9292
0,2019-10-21 00:00:00,0.9211,0.9211
0,2019-10-22 00:00:00,0.9264,0.9264
0,2019-10-23 00:00:00,0.9195,0.9195
0,2019-10-24 00:00:00,0.9231,0.9231
0,2019-10-25 00:00:00,0.9332,0.9332
0,2019-10-28 00:00:00,0.9464,0.9464
0,2019-10-29 00:00:00,0.9271,0.9271
0,2019-10-30 00:00:00,0.9196,0.9196
0,2019-10-31 00:00:00,0.9188,0.9188
0,2019-11-01 00:00:00,0.9306,0.9306
0,2019-11-04 00:00:00,0.9317,0.9317
0,2019-11-05 00:00:00,0.9438,0.9438
0,2019-11-06 00:00:00,0.9337,0.9337
0,2019-11-07 00:00:00,0.9381,0.9381
0,2019-11-08 00:00:00,0.926,0.926
0,2019-11-11 00:00:00,0.9094,0.9094
0,2019-11-12 00:00:00,0.912,0.912
0,2019-11-13 00:00:00,0.9031,0.9031
0,2019-11-14 00:00:00,0.9038,0.9038
0,2019-11-15 00:00:00,0.8946,0.8946
0,2019-11-18 00:00:00,0.9066,0.9066
0,2019-11-19 00:00:00,0.9137,0.9137
0,2019-11-20 00:00:00,0.8999,0.8999
0,2019-11-21 00:00:00,0.9003,0.9003
0,2019-11-22 00:00:00,0.8975,0.8975
0,2019-11-25 00:00:00,0.902,0.902
0,2019-11-26 00:00:00,0.9025,0.9025
0,2019-11-27 00:00:00,0.8952,0.8952
0,2019-11-28 00:00:00,0.8947,0.8947
0,2019-11-29 00:00:00,0.8983,0.8983
0,2019-12-02 00:00:00,0.9044,0.9044
0,2019-12-03 00:00:00,0.9102,0.9102
0,2019-12-04 00:00:00,0.9075,0.9075
0,2019-12-05 00:00:00,0.9211,0.9211
0,2019-12-06 00:00:00,0.925,0.925
0,2019-12-09 00:00:00,0.9236,0.9236
0,2019-12-10 00:00:00,0.9218,0.9218
0,2019-12-11 00:00:00,0.9231,0.9231
0,2019-12-12 00:00:00,0.9179,0.9179
0,2019-12-13 00:00:00,0.9508,0.9508
0,2019-12-16 00:00:00,0.9654,0.9654
0,2019-12-17 00:00:00,0.9905,0.9905
0,2019-12-18 00:00:00,0.9934,0.9934
0,2019-12-19 00:00:00,0.9887,0.9887
0,2019-12-20 00:00:00,0.9923,0.9923
0,2019-12-23 00:00:00,0.9687,0.9687
0,2019-12-24 00:00:00,0.9782,0.9782
0,2019-12-25 00:00:00,0.9796,0.9796
0,2019-12-26 00:00:00,1.004,1.004
0,2019-12-27 00:00:00,0.9835,0.9835
0,2019-12-30 00:00:00,1.0372,1.0372
0,2019-12-31 00:00:00,1.0333,1.0333
0,2020-01-02 00:00:00,1.0395,1.0395
0,2020-01-03 00:00:00,1.0382,1.0382
0,2020-01-06 00:00:00,1.0389,1.0389
0,2020-01-07 00:00:00,1.0457,1.0457
0,2020-01-08 00:00:00,1.0141,1.0141
0,2020-01-09 00:00:00,1.0291,1.0291
0,2020-01-10 00:00:00,1.0305,1.0305
0,2020-01-13 00:00:00,1.0433,1.0433
0,2020-01-14 00:00:00,1.0308,1.0308
0,2020-01-15 00:00:00,1.0263,1.0263
0,2020-01-16 00:00:00,1.0208,1.0208
0,2020-01-17 00:00:00,1.0247,1.0247
0,2020-01-20 00:00:00,1.0402,1.0402
0,2020-01-21 00:00:00,1.0218,1.0218
0,2020-01-22 00:00:00,1.0295,1.0295
0,2020-01-23 00:00:00,0.9886,0.9886
0,2020-02-03 00:00:00,0.8991,0.8991
0,2020-02-04 00:00:00,0.8979,0.8979
0,2020-02-05 00:00:00,0.9094,0.9094
0,2020-02-06 00:00:00,0.9323,0.9323
0,2020-02-07 00:00:00,0.9349,0.9349
0,2020-02-10 00:00:00,0.9442,0.9442
0,2020-02-11 00:00:00,0.9422,0.9422
0,2020-02-12 00:00:00,0.9563,0.9563
0,2020-02-13 00:00:00,0.941,0.941
0,2020-02-14 00:00:00,0.9581,0.9581
0,2020-02-17 00:00:00,1.0038,1.0038
0,2020-02-18 00:00:00,0.9989,0.9989
0,2020-02-19 00:00:00,1.0012,1.0012
0,2020-02-20 00:00:00,1.0614,1.0614
0,2020-02-21 00:00:00,1.064,1.064
0,2020-02-24 00:00:00,1.0637,1.0637
0,2020-02-25 00:00:00,1.0747,1.0747
0,2020-02-26 00:00:00,1.0543,1.0543
0,2020-02-27 00:00:00,1.0572,1.0572
0,2020-02-28 00:00:00,0.9926,0.9926
0,2020-03-02 00:00:00,1.0375,1.0375
0,2020-03-03 00:00:00,1.047,1.047
0,2020-03-04 00:00:00,1.0764,1.0764
0,2020-03-05 00:00:00,1.1048,1.1048
0,2020-03-06 00:00:00,1.0669,1.0669
0,2020-03-09 00:00:00,1.0367,1.0367
0,2020-03-10 00:00:00,1.0688,1.0688
0,2020-03-11 00:00:00,1.0387,1.0387
0,2020-03-12 00:00:00,1.0269,1.0269
0,2020-03-13 00:00:00,1.0213,1.0213
0,2020-03-16 00:00:00,0.964,0.964
0,2020-03-17 00:00:00,0.9685,0.9685
0,2020-03-18 00:00:00,0.9394,0.9394
0,2020-03-19 00:00:00,0.9511,0.9511
0,2020-03-20 00:00:00,0.9588,0.9588
0,2020-03-23 00:00:00,0.9233,0.9233
0,2020-03-24 00:00:00,0.9421,0.9421
0,2020-03-25 00:00:00,0.9571,0.9571
0,2020-03-26 00:00:00,0.9437,0.9437
0,2020-03-27 00:00:00,0.9479,0.9479
0,2020-03-30 00:00:00,0.938,0.938
0,2020-03-31 00:00:00,0.9339,0.9339
0,2020-04-01 00:00:00,0.9309,0.9309
0,2020-04-02 00:00:00,0.9479,0.9479
0,2020-04-03 00:00:00,0.9339,0.9339
0,2020-04-07 00:00:00,0.9546,0.9546
0,2020-04-08 00:00:00,0.9512,0.9512
0,2020-04-09 00:00:00,0.9598,0.9598
0,2020-04-10 00:00:00,0.9455,0.9455
0,2020-04-13 00:00:00,0.9391,0.9391
0,2020-04-14 00:00:00,0.9619,0.9619
0,2020-04-15 00:00:00,0.9502,0.9502
0,2020-04-16 00:00:00,0.9602,0.9602
0,2020-04-17 00:00:00,0.9566,0.9566
0,2020-04-20 00:00:00,0.9608,0.9608
0,2020-04-21 00:00:00,0.9453,0.9453
0,2020-04-22 00:00:00,0.9474,0.9474
0,2020-04-23 00:00:00,0.9389,0.9389
0,2020-04-24 00:00:00,0.9237,0.9237
0,2020-04-27 00:00:00,0.9215,0.9215
0,2020-04-28 00:00:00,0.9322,0.9322
0,2020-04-29 00:00:00,0.935,0.935
0,2020-04-30 00:00:00,0.955,0.955
0,2020-05-06 00:00:00,0.9574,0.9574
0,2020-05-07 00:00:00,0.9513,0.9513
0,2020-05-08 00:00:00,0.9675,0.9675
0,2020-05-11 00:00:00,0.9605,0.9605
0,2020-05-12 00:00:00,0.9576,0.9576
0,2020-05-13 00:00:00,0.9597,0.9597
0,2020-05-14 00:00:00,0.9468,0.9468
0,2020-05-15 00:00:00,0.9479,0.9479
0,2020-05-18 00:00:00,0.9433,0.9433
0,2020-05-19 00:00:00,0.9486,0.9486
0,2020-05-20 00:00:00,0.9435,0.9435
0,2020-05-21 00:00:00,0.935,0.935
0,2020-05-22 00:00:00,0.9123,0.9123
0,2020-05-25 00:00:00,0.91,0.91
0,2020-05-26 00:00:00,0.9201,0.9201
0,2020-05-27 00:00:00,0.91,0.91
0,2020-05-28 00:00:00,0.9219,0.9219
0,2020-05-29 00:00:00,0.9152,0.9152
0,2020-06-01 00:00:00,0.9533,0.9533
0,2020-06-02 00:00:00,0.9507,0.9507
0,2020-06-03 00:00:00,0.9411,0.9411
0,2020-06-04 00:00:00,0.9376,0.9376
0,2020-06-05 00:00:00,0.9464,0.9464
0,2020-06-08 00:00:00,0.9423,0.9423
0,2020-06-09 00:00:00,0.9521,0.9521
0,2020-06-10 00:00:00,0.9442,0.9442
0,2020-06-11 00:00:00,0.9392,0.9392
0,2020-06-12 00:00:00,0.9356,0.9356
0,2020-06-15 00:00:00,0.9346,0.9346
0,2020-06-16 00:00:00,0.9447,0.9447
0,2020-06-17 00:00:00,0.9417,0.9417
0,2020-06-18 00:00:00,0.9514,0.9514
0,2020-06-19 00:00:00,0.9833,0.9833
0,2020-06-22 00:00:00,1.0097,1.0097
0,2020-06-23 00:00:00,1.0195,1.0195
0,2020-06-24 00:00:00,1.0183,1.0183
0,2020-06-29 00:00:00,0.9882,0.9882
0,2020-06-30 00:00:00,1.0204,1.0204
0,2020-07-01 00:00:00,1.0396,1.0396
0,2020-07-02 00:00:00,1.1101,1.1101
0,2020-07-03 00:00:00,1.195,1.195
0,2020-07-06 00:00:00,1.3075,1.3075
0,2020-07-07 00:00:00,1.2803,1.2803
0,2020-07-08 00:00:00,1.3488,1.3488
0,2020-07-09 00:00:00,1.356,1.356
0,2020-07-10 00:00:00,1.325,1.325
0,2020-07-13 00:00:00,1.3479,1.3479
0,2020-07-14 00:00:00,1.3513,1.3513
0,2020-07-15 00:00:00,1.3159,1.3159
0,2020-07-16 00:00:00,1.2593,1.2593
0,2020-07-17 00:00:00,1.2235,1.2235
0,2020-07-20 00:00:00,1.2838,1.2838
0,2020-07-21 00:00:00,1.2666,1.2666
0,2020-07-22 00:00:00,1.28,1.28
0,2020-07-23 00:00:00,1.2858,1.2858
0,2020-07-24 00:00:00,1.2046,1.2046
0,2020-07-27 00:00:00,1.2054,1.2054
0,2020-07-28 00:00:00,1.2043,1.2043
0,2020-07-29 00:00:00,1.2537,1.2537
0,2020-07-30 00:00:00,1.2403,1.2403
0,2020-07-31 00:00:00,1.2599,1.2599
0,2020-08-03 00:00:00,1.2874,1.2874
0,2020-08-04 00:00:00,1.2801,1.2801
0,2020-08-05 00:00:00,1.2734,1.2734
0,2020-08-06 00:00:00,1.3163,1.3163
0,2020-08-07 00:00:00,1.2759,1.2759
0,2020-08-10 00:00:00,1.289,1.289
0,2020-08-11 00:00:00,1.2453,1.2453
0,2020-08-12 00:00:00,1.2402,1.2402
0,2020-08-13 00:00:00,1.2475,1.2475
0,2020-08-14 00:00:00,1.2642,1.2642
0,2020-08-17 00:00:00,1.321,1.321
0,2020-08-18 00:00:00,1.3172,1.3172
0,2020-08-19 00:00:00,1.2935,1.2935
0,2020-08-20 00:00:00,1.2715,1.2715
0,2020-08-21 00:00:00,1.2925,1.2925
0,2020-08-24 00:00:00,1.2849,1.2849
0,2020-08-25 00:00:00,1.2793,1.2793
0,2020-08-26 00:00:00,1.2477,1.2477
0,2020-08-27 00:00:00,1.2544,1.2544
0,2020-08-28 00:00:00,1.2887,1.2887
0,2020-08-31 00:00:00,1.2815,1.2815
0,2020-09-01 00:00:00,1.2909,1.2909
0,2020-09-02 00:00:00,1.2899,1.2899
0,2020-09-03 00:00:00,1.2803,1.2803
0,2020-09-04 00:00:00,1.2678,1.2678
0,2020-09-07 00:00:00,1.229,1.229
0,2020-09-08 00:00:00,1.253,1.253
0,2020-09-09 00:00:00,1.2266,1.2266
0,2020-09-10 00:00:00,1.202,1.202
0,2020-09-11 00:00:00,1.2047,1.2047
0,2020-09-14 00:00:00,1.2063,1.2063
0,2020-09-15 00:00:00,1.2085,1.2085
0,2020-09-16 00:00:00,1.2045,1.2045
0,2020-09-17 00:00:00,1.1951,1.1951
0,2020-09-18 00:00:00,1.252,1.252
0,2020-09-21 00:00:00,1.2489,1.2489
0,2020-09-22 00:00:00,1.2502,1.2502
0,2020-09-23 00:00:00,1.2398,1.2398
0,2020-09-24 00:00:00,1.2264,1.2264
0,2020-09-25 00:00:00,1.2459,1.2459
0,2020-09-28 00:00:00,1.244,1.244
0,2020-09-29 00:00:00,1.2465,1.2465
0,2020-09-30 00:00:00,1.2326,1.2326
0,2020-10-09 00:00:00,1.2502,1.2502
0,2020-10-12 00:00:00,1.2952,1.2952
0,2020-10-13 00:00:00,1.2795,1.2795
0,2020-10-14 00:00:00,1.2658,1.2658
0,2020-10-15 00:00:00,1.2643,1.2643
0,2020-10-16 00:00:00,1.2686,1.2686
0,2020-10-19 00:00:00,1.2557,1.2557
0,2020-10-20 00:00:00,1.2586,1.2586
0,2020-10-21 00:00:00,1.2513,1.2513
0,2020-10-22 00:00:00,1.2589,1.2589
0,2020-10-23 00:00:00,1.2389,1.2389
0,2020-10-26 00:00:00,1.2005,1.2005
0,2020-10-27 00:00:00,1.2001,1.2001
0,2020-10-28 00:00:00,1.2069,1.2069
0,2020-10-29 00:00:00,1.2161,1.2161
0,2020-10-30 00:00:00,1.178,1.178
0,2020-11-02 00:00:00,1.1717,1.1717
0,2020-11-03 00:00:00,1.2013,1.2013
0,2020-11-04 00:00:00,1.194,1.194
0,2020-11-05 00:00:00,1.2112,1.2112
0,2020-11-06 00:00:00,1.2162,1.2162
0,2020-11-09 00:00:00,1.2606,1.2606
0,2020-11-10 00:00:00,1.2406,1.2406
0,2020-11-11 00:00:00,1.2155,1.2155
0,2020-11-12 00:00:00,1.2096,1.2096
0,2020-11-13 00:00:00,1.1967,1.1967
0,2020-11-16 00:00:00,1.2055,1.2055
0,2020-11-17 00:00:00,1.2071,1.2071
0,2020-11-18 00:00:00,1.2132,1.2132
0,2020-11-19 00:00:00,1.2156,1.2156
0,2020-11-20 00:00:00,1.2157,1.2157
0,2020-11-23 00:00:00,1.2378,1.2378
0,2020-11-24 00:00:00,1.2272,1.2272
0,2020-11-25 00:00:00,1.2093,1.2093
0,2020-11-26 00:00:00,1.2141,1.2141
0,2020-11-27 00:00:00,1.2407,1.2407
0,2020-11-30 00:00:00,1.2474,1.2474
0,2020-12-01 00:00:00,1.2912,1.2912
0,2020-12-02 00:00:00,1.2895,1.2895
0,2020-12-03 00:00:00,1.2917,1.2917
0,2020-12-04 00:00:00,1.2709,1.2709
0,2020-12-07 00:00:00,1.2495,1.2495
0,2020-12-08 00:00:00,1.2509,1.2509
0,2020-12-09 00:00:00,1.2109,1.2109
0,2020-12-10 00:00:00,1.208,1.208
0,2020-12-11 00:00:00,1.1936,1.1936
0,2020-12-14 00:00:00,1.192,1.192
0,2020-12-15 00:00:00,1.1945,1.1945
0,2020-12-16 00:00:00,1.1831,1.1831
0,2020-12-17 00:00:00,1.2135,1.2135
0,2020-12-18 00:00:00,1.2012,1.2012
0,2020-12-21 00:00:00,1.2108,1.2108
0,2020-12-22 00:00:00,1.1618,1.1618
0,2020-12-23 00:00:00,1.1711,1.1711
0,2020-12-24 00:00:00,1.1616,1.1616
0,2020-12-25 00:00:00,1.1736,1.1736
0,2020-12-28 00:00:00,1.1699,1.1699
0,2020-12-29 00:00:00,1.1748,1.1748
0,2020-12-30 00:00:00,1.1982,1.1982
0,2020-12-31 00:00:00,1.2498,1.2498
0,2021-01-04 00:00:00,1.2582,1.2582
0,2021-01-05 00:00:00,1.2574,1.2574
0,2021-01-06 00:00:00,1.2569,1.2569
0,2021-01-07 00:00:00,1.2694,1.2694
0,2021-01-08 00:00:00,1.2596,1.2596
0,2021-01-11 00:00:00,1.23,1.23
0,2021-01-12 00:00:00,1.3108,1.3108
0,2021-01-13 00:00:00,1.2815,1.2815
0,2021-01-14 00:00:00,1.2464,1.2464
0,2021-01-15 00:00:00,1.2445,1.2445
0,2021-01-18 00:00:00,1.2562,1.2562
0,2021-01-19 00:00:00,1.2551,1.2551
0,2021-01-20 00:00:00,1.2573,1.2573
0,2021-01-21 00:00:00,1.2758,1.2758
0,2021-01-22 00:00:00,1.2498,1.2498
0,2021-01-25 00:00:00,1.2432,1.2432
0,2021-01-26 00:00:00,1.1983,1.1983
0,2021-01-27 00:00:00,1.1999,1.1999
0,2021-01-28 00:00:00,1.194,1.194
0,2021-01-29 00:00:00,1.1846,1.1846
0,2021-02-01 00:00:00,1.1771,1.1771
0,2021-02-02 00:00:00,1.1798,1.1798
0,2021-02-03 00:00:00,1.1659,1.1659
0,2021-02-04 00:00:00,1.1402,1.1402
0,2021-02-05 00:00:00,1.1311,1.1311
0,2021-02-08 00:00:00,1.1321,1.1321
0,2021-02-09 00:00:00,1.1648,1.1648
0,2021-02-10 00:00:00,1.1641,1.1641
0,2021-02-18 00:00:00,1.1682,1.1682
0,2021-02-19 00:00:00,1.1899,1.1899
0,2021-02-22 00:00:00,1.1582,1.1582
0,2021-02-23 00:00:00,1.1515,1.1515
0,2021-02-24 00:00:00,1.1461,1.1461
0,2021-02-25 00:00:00,1.1463,1.1463
0,2021-02-26 00:00:00,1.1279,1.1279
0,2021-03-01 00:00:00,1.1206,1.1206
0,2021-03-02 00:00:00,1.1088,1.1088
0,2021-03-03 00:00:00,1.1272,1.1272
0,2021-03-04 00:00:00,1.1033,1.1033
0,2021-03-05 00:00:00,1.1255,1.1255
0,2021-03-08 00:00:00,1.1041,1.1041
0,2021-03-09 00:00:00,1.0768,1.0768
0,2021-03-10 00:00:00,1.0711,1.0711
0,2021-03-11 00:00:00,1.0876,1.0876
0,2021-03-12 00:00:00,1.0878,1.0878
0,2021-03-15 00:00:00,1.0661,1.0661
0,2021-03-16 00:00:00,1.0681,1.0681
0,2021-03-17 00:00:00,1.0718,1.0718
0,2021-03-18 00:00:00,1.0729,1.0729
0,2021-03-19 00:00:00,1.0636,1.0636
0,2021-03-22 00:00:00,1.0812,1.0812
0,2021-03-23 00:00:00,1.0873,1.0873
0,2021-03-24 00:00:00,1.0926,1.0926
0,2021-03-25 00:00:00,1.0838,1.0838
0,2021-03-26 00:00:00,1.0887,1.0887
0,2021-03-29 00:00:00,1.0869,1.0869
0,2021-03-30 00:00:00,1.0853,1.0853
0,2021-03-31 00:00:00,1.0688,1.0688
0,2021-04-01 00:00:00,1.0778,1.0778
0,2021-04-02 00:00:00,1.0793,1.0793
0,2021-04-06 00:00:00,1.0781,1.0781
0,2021-04-07 00:00:00,1.0759,1.0759
0,2021-04-08 00:00:00,1.0799,1.0799
0,2021-04-09 00:00:00,1.0692,1.0692
0,2021-04-12 00:00:00,1.0489,1.0489
0,2021-04-13 00:00:00,1.0467,1.0467
0,2021-04-14 00:00:00,1.0584,1.0584
0,2021-04-15 00:00:00,1.0492,1.0492
0,2021-04-16 00:00:00,1.0562,1.0562
0,2021-04-19 00:00:00,1.0821,1.0821
0,2021-04-20 00:00:00,1.0716,1.0716
0,2021-04-21 00:00:00,1.0685,1.0685
0,2021-04-22 00:00:00,1.0719,1.0719
0,2021-04-23 00:00:00,1.0737,1.0737
0,2021-04-26 00:00:00,1.054,1.054
0,2021-04-27 00:00:00,1.0467,1.0467
0,2021-04-28 00:00:00,1.0506,1.0506
0,2021-04-29 00:00:00,1.0744,1.0744
0,2021-04-30 00:00:00,1.0635,1.0635
0,2021-05-06 00:00:00,1.0544,1.0544
0,2021-05-07 00:00:00,1.0378,1.0378
0,2021-05-10 00:00:00,1.0323,1.0323
0,2021-05-11 00:00:00,1.0458,1.0458
0,2021-05-12 00:00:00,1.0445,1.0445
0,2021-05-13 00:00:00,1.0394,1.0394
0,2021-05-14 00:00:00,1.1123,1.1123
0,2021-05-17 00:00:00,1.095,1.095
0,2021-05-18 00:00:00,1.0967,1.0967
0,2021-05-19 00:00:00,1.0956,1.0956
0,2021-05-20 00:00:00,1.1104,1.1104
0,2021-05-21 00:00:00,1.0912,1.0912
0,2021-05-24 00:00:00,1.1109,1.1109
0,2021-05-25 00:00:00,1.157,1.157
0,2021-05-26 00:00:00,1.1556,1.1556
0,2021-05-27 00:00:00,1.1574,1.1574
0,2021-05-28 00:00:00,1.1741,1.1741
0,2021-05-31 00:00:00,1.1747,1.1747
0,2021-06-01 00:00:00,1.1574,1.1574
0,2021-06-02 00:00:00,1.1372,1.1372
0,2021-06-03 00:00:00,1.1349,1.1349
0,2021-06-04 00:00:00,1.1434,1.1434
0,2021-06-07 00:00:00,1.1504,1.1504
0,2021-06-08 00:00:00,1.1525,1.1525
0,2021-06-09 00:00:00,1.1403,1.1403
0,2021-06-10 00:00:00,1.1447,1.1447
0,2021-06-11 00:00:00,1.1269,1.1269
0,2021-06-15 00:00:00,1.1097,1.1097
0,2021-06-16 00:00:00,1.1016,1.1016
0,2021-06-17 00:00:00,1.1057,1.1057
0,2021-06-18 00:00:00,1.1152,1.1152
0,2021-06-21 00:00:00,1.114,1.114
0,2021-06-22 00:00:00,1.1121,1.1121
0,2021-06-23 00:00:00,1.1168,1.1168
0,2021-06-24 00:00:00,1.1211,1.1211
0,2021-06-25 00:00:00,1.1541,1.1541
0,2021-06-28 00:00:00,1.1427,1.1427
0,2021-06-29 00:00:00,1.1277,1.1277
0,2021-06-30 00:00:00,1.1396,1.1396
0,2021-07-01 00:00:00,1.1105,1.1105
0,2021-07-02 00:00:00,1.0808,1.0808
0,2021-07-05 00:00:00,1.0809,1.0809
0,2021-07-06 00:00:00,1.0873,1.0873
0,2021-07-07 00:00:00,1.0902,1.0902
0,2021-07-08 00:00:00,1.0885,1.0885
0,2021-07-09 00:00:00,1.0922,1.0922
0,2021-07-12 00:00:00,1.1146,1.1146
0,2021-07-13 00:00:00,1.1083,1.1083
0,2021-07-14 00:00:00,1.0973,1.0973
0,2021-07-15 00:00:00,1.1117,1.1117
0,2021-07-16 00:00:00,1.1114,1.1114
0,2021-07-19 00:00:00,1.1074,1.1074
0,2021-07-20 00:00:00,1.1043,1.1043
0,2021-07-21 00:00:00,1.1192,1.1192
0,2021-07-22 00:00:00,1.1381,1.1381
0,2021-07-23 00:00:00,1.1444,1.1444
0,2021-07-26 00:00:00,1.1123,1.1123
0,2021-07-27 00:00:00,1.0777,1.0777
0,2021-07-28 00:00:00,1.0687,1.0687
0,2021-07-29 00:00:00,1.0828,1.0828
0,2021-07-30 00:00:00,1.0609,1.0609
0,2021-08-02 00:00:00,1.0988,1.0988
0,2021-08-03 00:00:00,1.1036,1.1036
0,2021-08-04 00:00:00,1.104,1.104
0,2021-08-05 00:00:00,1.0855,1.0855
0,2021-08-06 00:00:00,1.0889,1.0889
0,2021-08-09 00:00:00,1.1114,1.1114
0,2021-08-10 00:00:00,1.1277,1.1277
0,2021-08-11 00:00:00,1.1185,1.1185
0,2021-08-12 00:00:00,1.1116,1.1116
0,2021-08-13 00:00:00,1.1117,1.1117
0,2021-08-16 00:00:00,1.1203,1.1203
0,2021-08-17 00:00:00,1.1126,1.1126
0,2021-08-18 00:00:00,1.1845,1.1845
0,2021-08-19 00:00:00,1.1642,1.1642
0,2021-08-20 00:00:00,1.1647,1.1647
0,2021-08-23 00:00:00,1.1679,1.1679
0,2021-08-24 00:00:00,1.1936,1.1936
0,2021-08-25 00:00:00,1.175,1.175
0,2021-08-26 00:00:00,1.1589,1.1589
0,2021-08-27 00:00:00,1.1547,1.1547
0,2021-08-30 00:00:00,1.1377,1.1377
0,2021-08-31 00:00:00,1.1615,1.1615
0,2021-09-01 00:00:00,1.2019,1.2019
0,2021-09-02 00:00:00,1.2217,1.2217
0,2021-09-03 00:00:00,1.2106,1.2106
0,2021-09-06 00:00:00,1.2443,1.2443
0,2021-09-07 00:00:00,1.2743,1.2743
0,2021-09-08 00:00:00,1.2755,1.2755
0,2021-09-09 00:00:00,1.2643,1.2643
0,2021-09-10 00:00:00,1.2785,1.2785
0,2021-09-13 00:00:00,1.2826,1.2826
0,2021-09-14 00:00:00,1.2454,1.2454
0,2021-09-15 00:00:00,1.2432,1.2432
0,2021-09-16 00:00:00,1.2155,1.2155
0,2021-09-17 00:00:00,1.2309,1.2309
0,2021-09-22 00:00:00,1.2232,1.2232
0,2021-09-23 00:00:00,1.2362,1.2362
0,2021-09-24 00:00:00,1.2198,1.2198
0,2021-09-27 00:00:00,1.1887,1.1887
0,2021-09-28 00:00:00,1.2069,1.2069
0,2021-09-29 00:00:00,1.1895,1.1895
0,2021-09-30 00:00:00,1.1877,1.1877
0,2021-10-08 00:00:00,1.1999,1.1999
0,2021-10-11 00:00:00,1.1923,1.1923
0,2021-10-12 00:00:00,1.1586,1.1586
0,2021-10-13 00:00:00,1.1621,1.1621
0,2021-10-14 00:00:00,1.1615,1.1615
0,2021-10-15 00:00:00,1.1606,1.1606
0,2021-10-18 00:00:00,1.1623,1.1623
0,2021-10-19 00:00:00,1.1682,1.1682
0,2021-10-20 00:00:00,1.1654,1.1654
0,2021-10-21 00:00:00,1.1676,1.1676
0,2021-10-22 00:00:00,1.1683,1.1683
0,2021-10-25 00:00:00,1.1844,1.1844
0,2021-10-26 00:00:00,1.1714,1.1714
0,2021-10-27 00:00:00,1.1421,1.1421
0,2021-10-28 00:00:00,1.134,1.134
0,2021-10-29 00:00:00,1.1431,1.1431
0,2021-11-01 00:00:00,1.1484,1.1484
0,2021-11-02 00:00:00,1.1268,1.1268
0,2021-11-03 00:00:00,1.1292,1.1292
0,2021-11-04 00:00:00,1.1293,1.1293
0,2021-11-05 00:00:00,1.126,1.126
0,2021-11-08 00:00:00,1.1369,1.1369
0,2021-11-09 00:00:00,1.1448,1.1448
0,2021-11-10 00:00:00,1.1413,1.1413
0,2021-11-11 00:00:00,1.1739,1.1739
0,2021-11-12 00:00:00,1.1692,1.1692
0,2021-11-15 00:00:00,1.1623,1.1623
0,2021-11-16 00:00:00,1.1463,1.1463
0,2021-11-17 00:00:00,1.1458,1.1458
0,2021-11-18 00:00:00,1.1343,1.1343
0,2021-11-19 00:00:00,1.1561,1.1561
0,2021-11-22 00:00:00,1.163,1.163
0,2021-11-23 00:00:00,1.1655,1.1655
0,2021-11-24 00:00:00,1.1625,1.1625
0,2021-11-25 00:00:00,1.1568,1.1568
0,2021-11-26 00:00:00,1.1492,1.1492
0,2021-11-29 00:00:00,1.1394,1.1394
0,2021-11-30 00:00:00,1.1402,1.1402
0,2021-12-01 00:00:00,1.1547,1.1547
0,2021-12-02 00:00:00,1.1641,1.1641
0,2021-12-03 00:00:00,1.1701,1.1701
0,2021-12-06 00:00:00,1.1851,1.1851
0,2021-12-07 00:00:00,1.1883,1.1883
0,2021-12-08 00:00:00,1.2042,1.2042
0,2021-12-09 00:00:00,1.2257,1.2257
0,2021-12-10 00:00:00,1.208,1.208
0,2021-12-13 00:00:00,1.2152,1.2152
0,2021-12-14 00:00:00,1.2089,1.2089
0,2021-12-15 00:00:00,1.2142,1.2142
0,2021-12-16 00:00:00,1.2231,1.2231
0,2021-12-17 00:00:00,1.21,1.21
0,2021-12-20 00:00:00,1.1919,1.1919
0,2021-12-21 00:00:00,1.2059,1.2059
0,2021-12-22 00:00:00,1.1958,1.1958
0,2021-12-23 00:00:00,1.1955,1.1955
0,2021-12-24 00:00:00,1.1869,1.1869
0,2021-12-27 00:00:00,1.19,1.19
0,2021-12-28 00:00:00,1.1994,1.1994
0,2021-12-29 00:00:00,1.1848,1.1848
0,2021-12-30 00:00:00,1.2027,1.2027
0,2021-12-31 00:00:00,1.2049,1.2049
0,2022-01-04 00:00:00,1.1998,1.1998
0,2022-01-05 00:00:00,1.1888,1.1888
0,2022-01-06 00:00:00,1.1665,1.1665
0,2022-01-07 00:00:00,1.1691,1.1691
0,2022-01-10 00:00:00,1.169,1.169
0,2022-01-11 00:00:00,1.1693,1.1693
0,2022-01-12 00:00:00,1.1734,1.1734
0,2022-01-13 00:00:00,1.1648,1.1648
0,2022-01-14 00:00:00,1.1363,1.1363
0,2022-01-17 00:00:00,1.1454,1.1454
0,2022-01-18 00:00:00,1.1499,1.1499
0,2022-01-19 00:00:00,1.1537,1.1537
0,2022-01-20 00:00:00,1.1713,1.1713
0,2022-01-21 00:00:00,1.1606,1.1606
0,2022-01-24 00:00:00,1.1527,1.1527
0,2022-01-25 00:00:00,1.1234,1.1234
0,2022-01-26 00:00:00,1.1422,1.1422
0,2022-01-27 00:00:00,1.1177,1.1177
0,2022-01-28 00:00:00,1.1084,1.1084
0,2022-02-07 00:00:00,1.1243,1.1243
0,2022-02-08 00:00:00,1.1398,1.1398
0,2022-02-09 00:00:00,1.1421,1.1421
0,2022-02-10 00:00:00,1.1419,1.1419
0,2022-02-11 00:00:00,1.1418,1.1418
0,2022-02-14 00:00:00,1.0929,1.0929
0,2022-02-15 00:00:00,1.0945,1.0945
0,2022-02-16 00:00:00,1.0958,1.0958
0,2022-02-17 00:00:00,1.0876,1.0876
0,2022-02-18 00:00:00,1.0916,1.0916
0,2022-02-21 00:00:00,1.0894,1.0894
0,2022-02-22 00:00:00,1.0703,1.0703
0,2022-02-23 00:00:00,1.0833,1.0833
0,2022-02-24 00:00:00,1.0536,1.0536
0,2022-02-25 00:00:00,1.0549,1.0549
0,2022-02-28 00:00:00,1.0534,1.0534
0,2022-03-01 00:00:00,1.0626,1.0626
0,2022-03-02 00:00:00,1.058,1.058
0,2022-03-03 00:00:00,1.0577,1.0577
0,2022-03-04 00:00:00,1.0434,1.0434
0,2022-03-07 00:00:00,1.019,1.019
0,2022-03-08 00:00:00,0.998,0.998
0,2022-03-09 00:00:00,0.9697,0.9697
0,2022-03-10 00:00:00,0.9695,0.9695
0,2022-03-11 00:00:00,0.9885,0.9885
0,2022-03-14 00:00:00,0.9734,0.9734
0,2022-03-15 00:00:00,0.9408,0.9408
0,2022-03-16 00:00:00,0.9972,0.9972
0,2022-03-17 00:00:00,0.996,0.996
0,2022-03-18 00:00:00,1.0059,1.0059
0,2022-03-21 00:00:00,0.9892,0.9892
0,2022-03-22 00:00:00,0.9906,0.9906
0,2022-03-23 00:00:00,0.9897,0.9897
0,2022-03-24 00:00:00,0.9798,0.9798
0,2022-03-25 00:00:00,0.9684,0.9684
0,2022-03-28 00:00:00,0.9718,0.9718
0,2022-03-29 00:00:00,0.9624,0.9624
0,2022-03-30 00:00:00,0.9985,0.9985
0,2022-03-31 00:00:00,0.9891,0.9891
0,2022-04-01 00:00:00,1.0041,1.0041
0,2022-04-06 00:00:00,1.0044,1.0044
0,2022-04-07 00:00:00,0.9853,0.9853
0,2022-04-08 00:00:00,0.9995,0.9995
0,2022-04-11 00:00:00,0.9701,0.9701
0,2022-04-12 00:00:00,1.0001,1.0001
0,2022-04-13 00:00:00,0.9886,0.9886
0,2022-04-14 00:00:00,1.0048,1.0048
0,2022-04-15 00:00:00,0.9992,0.9992
0,2022-04-18 00:00:00,0.9748,0.9748
0,2022-04-19 00:00:00,0.9675,0.9675
0,2022-04-20 00:00:00,0.9517,0.9517
0,2022-04-21 00:00:00,0.9492,0.9492
0,2022-04-22 00:00:00,0.9507,0.9507
0,2022-04-25 00:00:00,0.9205,0.9205
0,2022-04-26 00:00:00,0.882,0.882
0,2022-04-27 00:00:00,0.8949,0.8949
0,2022-04-28 00:00:00,0.8765,0.8765
0,2022-04-29 00:00:00,0.9157,0.9157
0,2022-05-05 00:00:00,0.9021,0.9021
0,2022-05-06 00:00:00,0.8787,0.8787
0,2022-05-09 00:00:00,0.8809,0.8809
0,2022-05-10 00:00:00,0.8927,0.8927
0,2022-05-11 00:00:00,0.8977,0.8977
0,2022-05-12 00:00:00,0.8984,0.8984
0,2022-05-13 00:00:00,0.9043,0.9043
0,2022-05-16 00:00:00,0.8966,0.8966
0,2022-05-17 00:00:00,0.9009,0.9009
0,2022-05-18 00:00:00,0.9037,0.9037
0,2022-05-19 00:00:00,0.9014,0.9014
0,2022-05-20 00:00:00,0.9167,0.9167
0,2022-05-23 00:00:00,0.9199,0.9199
0,2022-05-24 00:00:00,0.895,0.895
0,2022-05-25 00:00:00,0.8997,0.8997
0,2022-05-26 00:00:00,0.9137,0.9137
0,2022-05-27 00:00:00,0.9109,0.9109
0,2022-05-30 00:00:00,0.9067,0.9067
0,2022-05-31 00:00:00,0.9186,0.9186
0,2022-06-01 00:00:00,0.9148,0.9148
0,2022-06-02 00:00:00,0.9207,0.9207
0,2022-06-06 00:00:00,0.9402,0.9402
0,2022-06-07 00:00:00,0.9411,0.9411
0,2022-06-08 00:00:00,0.955,0.955
0,2022-06-09 00:00:00,0.9559,0.9559
0,2022-06-10 00:00:00,0.9797,0.9797
0,2022-06-13 00:00:00,0.9671,0.9671
0,2022-06-14 00:00:00,1.0114,1.0114
0,2022-06-15 00:00:00,1.0441,1.0441
0,2022-06-16 00:00:00,1.0002,1.0002
0,2022-06-17 00:00:00,0.9992,0.9992
0,2022-06-20 00:00:00,0.9925,0.9925
0,2022-06-21 00:00:00,0.992,0.992
0,2022-06-22 00:00:00,0.9768,0.9768
0,2022-06-23 00:00:00,1.0088,1.0088
0,2022-06-24 00:00:00,1.009,1.009
0,2022-06-27 00:00:00,1.0108,1.0108
0,2022-06-28 00:00:00,1.0191,1.0191
0,2022-06-29 00:00:00,0.9983,0.9983
0,2022-06-30 00:00:00,1.0064,1.0064
0,2022-07-01 00:00:00,0.9944,0.9944
0,2022-07-04 00:00:00,0.9988,0.9988
0,2022-07-05 00:00:00,0.9872,0.9872
0,2022-07-06 00:00:00,0.9774,0.9774
0,2022-07-07 00:00:00,0.9741,0.9741
0,2022-07-08 00:00:00,0.9671,0.9671
0,2022-07-11 00:00:00,0.9578,0.9578
0,2022-07-12 00:00:00,0.9605,0.9605
0,2022-07-13 00:00:00,0.9591,0.9591
0,2022-07-14 00:00:00,0.9515,0.9515
0,2022-07-15 00:00:00,0.9275,0.9275
0,2022-07-18 00:00:00,0.9486,0.9486
0,2022-07-19 00:00:00,0.9549,0.9549
0,2022-07-20 00:00:00,0.9545,0.9545
0,2022-07-21 00:00:00,0.9459,0.9459
0,2022-07-22 00:00:00,0.9489,0.9489
0,2022-07-25 00:00:00,0.9378,0.9378
0,2022-07-26 00:00:00,0.9425,0.9425
0,2022-07-27 00:00:00,0.9403,0.9403
0,2022-07-28 00:00:00,0.948,0.948
0,2022-07-29 00:00:00,0.9392,0.9392
0,2022-08-01 00:00:00,0.9307,0.9307
0,2022-08-02 00:00:00,0.9038,0.9038
0,2022-08-03 00:00:00,0.898,0.898
0,2022-08-04 00:00:00,0.9061,0.9061
0,2022-08-05 00:00:00,0.9281,0.9281
0,2022-08-08 00:00:00,0.9288,0.9288
0,2022-08-09 00:00:00,0.9248,0.9248
0,2022-08-10 00:00:00,0.9228,0.9228
0,2022-08-11 00:00:00,0.9685,0.9685
0,2022-08-12 00:00:00,0.9677,0.9677
0,2022-08-15 00:00:00,0.96,0.96
0,2022-08-16 00:00:00,0.9592,0.9592
0,2022-08-17 00:00:00,0.9757,0.9757
0,2022-08-18 00:00:00,0.9682,0.9682
0,2022-08-19 00:00:00,0.9638,0.9638
0,2022-08-22 00:00:00,0.9591,0.9591
0,2022-08-23 00:00:00,0.9639,0.9639
0,2022-08-24 00:00:00,0.951,0.951
0,2022-08-25 00:00:00,0.9679,0.9679
0,2022-08-26 00:00:00,0.9586,0.9586
0,2022-08-29 00:00:00,0.9542,0.9542
0,2022-08-30 00:00:00,0.9544,0.9544
0,2022-08-31 00:00:00,0.9601,0.9601
0,2022-09-01 00:00:00,0.9483,0.9483
0,2022-09-02 00:00:00,0.9463,0.9463
0,2022-09-05 00:00:00,0.9535,0.9535
0,2022-09-06 00:00:00,0.9635,0.9635
0,2022-09-07 00:00:00,0.9568,0.9568
0,2022-09-08 00:00:00,0.9541,0.9541
0,2022-09-09 00:00:00,0.9697,0.9697
0,2022-09-13 00:00:00,0.9692,0.9692
0,2022-09-14 00:00:00,0.9564,0.9564
0,2022-09-15 00:00:00,0.9538,0.9538
0,2022-09-16 00:00:00,0.9009,0.9009
0,2022-09-19 00:00:00,0.8921,0.8921
0,2022-09-20 00:00:00,0.8928,0.8928
0,2022-09-21 00:00:00,0.8922,0.8922
0,2022-09-22 00:00:00,0.8895,0.8895
0,2022-09-23 00:00:00,0.8889,0.8889
0,2022-09-26 00:00:00,0.8706,0.8706
0,2022-09-27 00:00:00,0.8797,0.8797
0,2022-09-28 00:00:00,0.8631,0.8631
0,2022-09-29 00:00:00,0.852,0.852
0,2022-09-30 00:00:00,0.8507,0.8507
0,2022-10-10 00:00:00,0.8424,0.8424
0,2022-10-11 00:00:00,0.8492,0.8492
0,2022-10-12 00:00:00,0.8686,0.8686
0,2022-10-13 00:00:00,0.8645,0.8645
0,2022-10-14 00:00:00,0.8769,0.8769
0,2022-10-17 00:00:00,0.8813,0.8813
0,2022-10-18 00:00:00,0.8783,0.8783
0,2022-10-19 00:00:00,0.8691,0.8691
0,2022-10-20 00:00:00,0.8731,0.8731
0,2022-10-21 00:00:00,0.8746,0.8746
0,2022-10-24 00:00:00,0.859,0.859
0,2022-10-25 00:00:00,0.8444,0.8444
0,2022-10-26 00:00:00,0.8507,0.8507
0,2022-10-27 00:00:00,0.8548,0.8548
0,2022-10-28 00:00:00,0.8352,0.8352
0,2022-10-31 00:00:00,0.8384,0.8384
0,2022-11-01 00:00:00,0.8628,0.8628
0,2022-11-02 00:00:00,0.8648,0.8648
0,2022-11-03 00:00:00,0.8592,0.8592
0,2022-11-04 00:00:00,0.8827,0.8827
0,2022-11-07 00:00:00,0.8826,0.8826
0,2022-11-08 00:00:00,0.8791,0.8791
0,2022-11-09 00:00:00,0.8744,0.8744
0,2022-11-10 00:00:00,0.8798,0.8798
0,2022-11-11 00:00:00,0.9021,0.9021
0,2022-11-14 00:00:00,0.9079,0.9079
0,2022-11-15 00:00:00,0.9391,0.9391
0,2022-11-16 00:00:00,0.9233,0.9233
0,2022-11-17 00:00:00,0.9293,0.9293
0,2022-11-18 00:00:00,0.9158,0.9158
0,2022-11-21 00:00:00,0.9005,0.9005
0,2022-11-22 00:00:00,0.9047,0.9047
0,2022-11-23 00:00:00,0.9042,0.9042
0,2022-11-24 00:00:00,0.8998,0.8998
0,2022-11-25 00:00:00,0.9086,0.9086
0,2022-11-28 00:00:00,0.8947,0.8947
0,2022-11-29 00:00:00,0.928,0.928
0,2022-11-30 00:00:00,0.9246,0.9246
0,2022-12-01 00:00:00,0.9309,0.9309
0,2022-12-02 00:00:00,0.9262,0.9262
0,2022-12-05 00:00:00,0.9567,0.9567
0,2022-12-06 00:00:00,0.9537,0.9537
0,2022-12-07 00:00:00,0.9449,0.9449
0,2022-12-08 00:00:00,0.9436,0.9436
0,2022-12-09 00:00:00,0.9493,0.9493
0,2022-12-12 00:00:00,0.9274,0.9274
0,2022-12-13 00:00:00,0.9284,0.9284
0,2022-12-14 00:00:00,0.9357,0.9357
0,2022-12-15 00:00:00,0.9267,0.9267
0,2022-12-16 00:00:00,0.9274,0.9274
0,2022-12-19 00:00:00,0.9016,0.9016
0,2022-12-20 00:00:00,0.897,0.897
0,2022-12-21 00:00:00,0.896,0.896
0,2022-12-22 00:00:00,0.8947,0.8947
0,2022-12-23 00:00:00,0.8957,0.8957
0,2022-12-26 00:00:00,0.8938,0.8938
0,2022-12-27 00:00:00,0.9053,0.9053
0,2022-12-28 00:00:00,0.9004,0.9004
0,2022-12-29 00:00:00,0.8973,0.8973
0,2022-12-30 00:00:00,0.9007,0.9007
0,2023-01-03 00:00:00,0.8963,0.8963
0,2023-01-04 00:00:00,0.8993,0.8993
0,2023-01-05 00:00:00,0.9163,0.9163
0,2023-01-06 00:00:00,0.9151,0.9151
0,2023-01-09 00:00:00,0.9315,0.9315
0,2023-01-10 00:00:00,0.9294,0.9294
0,2023-01-11 00:00:00,0.9232,0.9232
0,2023-01-12 00:00:00,0.9325,0.9325
0,2023-01-13 00:00:00,0.9502,0.9502
0,2023-01-16 00:00:00,0.9793,0.9793
0,2023-01-17 00:00:00,0.9902,0.9902
0,2023-01-18 00:00:00,0.9869,0.9869
0,2023-01-19 00:00:00,1.0057,1.0057
0,2023-01-20 00:00:00,0.9993,0.9993
0,2023-01-30 00:00:00,0.9917,0.9917
0,2023-01-31 00:00:00,0.9835,0.9835
0,2023-02-01 00:00:00,1.0103,1.0103
0,2023-02-02 00:00:00,0.9903,0.9903
0,2023-02-03 00:00:00,0.9849,0.9849
0,2023-02-06 00:00:00,0.9678,0.9678
0,2023-02-07 00:00:00,0.9704,0.9704
0,2023-02-08 00:00:00,0.9608,0.9608
0,2023-02-09 00:00:00,0.9756,0.9756
0,2023-02-10 00:00:00,0.9678,0.9678
0,2023-02-13 00:00:00,0.9728,0.9728
0,2023-02-14 00:00:00,0.9714,0.9714
0,2023-02-15 00:00:00,0.9626,0.9626
0,2023-02-16 00:00:00,0.9558,0.9558
0,2023-02-17 00:00:00,0.9404,0.9404
0,2023-02-20 00:00:00,0.9763,0.9763
0,2023-02-21 00:00:00,0.9799,0.9799
0,2023-02-22 00:00:00,0.9711,0.9711
0,2023-02-23 00:00:00,0.9771,0.9771
0,2023-02-24 00:00:00,0.9611,0.9611
0,2023-02-27 00:00:00,0.9504,0.9504
0,2023-02-28 00:00:00,0.9603,0.9603
0,2023-03-01 00:00:00,0.971,0.971
0,2023-03-02 00:00:00,0.9686,0.9686
0,2023-03-03 00:00:00,0.9761,0.9761
0,2023-03-06 00:00:00,0.9618,0.9618
0,2023-03-07 00:00:00,0.9449,0.9449
0,2023-03-08 00:00:00,0.9447,0.9447
0,2023-03-09 00:00:00,0.9396,0.9396
0,2023-03-10 00:00:00,0.928,0.928
0,2023-03-13 00:00:00,0.9334,0.9334
0,2023-03-14 00:00:00,0.9233,0.9233
0,2023-03-15 00:00:00,0.9294,0.9294
0,2023-03-16 00:00:00,0.9205,0.9205
0,2023-03-17 00:00:00,0.936,0.936
0,2023-03-20 00:00:00,0.927,0.927
0,2023-03-21 00:00:00,0.9338,0.9338
0,2023-03-22 00:00:00,0.9283,0.9283
0,2023-03-23 00:00:00,0.9403,0.9403
0,2023-03-24 00:00:00,0.9429,0.9429
0,2023-03-27 00:00:00,0.9462,0.9462
0,2023-03-28 00:00:00,0.9374,0.9374
0,2023-03-29 00:00:00,0.9317,0.9317
0,2023-03-30 00:00:00,0.9367,0.9367
0,2023-03-31 00:00:00,0.9357,0.9357
0,2023-04-03 00:00:00,0.9735,0.9735
0,2023-04-04 00:00:00,0.9775,0.9775
0,2023-04-06 00:00:00,0.9678,0.9678
0,2023-04-07 00:00:00,0.9789,0.9789
0,2023-04-10 00:00:00,0.9709,0.9709
0,2023-04-11 00:00:00,0.9799,0.9799
0,2023-04-12 00:00:00,0.9821,0.9821
0,2023-04-13 00:00:00,0.9693,0.9693
0,2023-04-14 00:00:00,0.97,0.97
0,2023-04-17 00:00:00,0.9971,0.9971
0,2023-04-18 00:00:00,0.9924,0.9924
0,2023-04-19 00:00:00,0.9782,0.9782
0,2023-04-20 00:00:00,0.9818,0.9818
0,2023-04-21 00:00:00,0.9461,0.9461
0,2023-04-24 00:00:00,0.9312,0.9312
0,2023-04-25 00:00:00,0.9349,0.9349
0,2023-04-26 00:00:00,0.9321,0.9321
0,2023-04-27 00:00:00,0.939,0.939
0,2023-04-28 00:00:00,0.9579,0.9579
0,2023-05-04 00:00:00,0.9694,0.9694
0,2023-05-05 00:00:00,0.9842,0.9842
0,2023-05-08 00:00:00,1.0031,1.0031
0,2023-05-09 00:00:00,1.0147,1.0147
0,2023-05-10 00:00:00,0.9855,0.9855
0,2023-05-11 00:00:00,0.9839,0.9839
0,2023-05-12 00:00:00,0.9702,0.9702
0,2023-05-15 00:00:00,0.9849,0.9849
0,2023-05-16 00:00:00,0.9776,0.9776
0,2023-05-17 00:00:00,0.9737,0.9737
0,2023-05-18 00:00:00,0.9712,0.9712
0,2023-05-19 00:00:00,0.9574,0.9574
0,2023-05-22 00:00:00,0.9551,0.9551
0,2023-05-23 00:00:00,0.9411,0.9411
0,2023-05-24 00:00:00,0.9281,0.9281
0,2023-05-25 00:00:00,0.9292,0.9292
0,2023-05-26 00:00:00,0.933,0.933
0,2023-05-29 00:00:00,0.9261,0.9261
0,2023-05-30 00:00:00,0.9277,0.9277
0,2023-05-31 00:00:00,0.9226,0.9226
0,2023-06-01 00:00:00,0.9241,0.9241
0,2023-06-02 00:00:00,0.9291,0.9291
0,2023-06-05 00:00:00,0.9238,0.9238
0,2023-06-06 00:00:00,0.9122,0.9122
0,2023-06-07 00:00:00,0.9149,0.9149
0,2023-06-08 00:00:00,0.9248,0.9248
0,2023-06-09 00:00:00,0.9211,0.9211
0,2023-06-12 00:00:00,0.9125,0.9125
0,2023-06-13 00:00:00,0.9178,0.9178
0,2023-06-14 00:00:00,0.9181,0.9181
0,2023-06-15 00:00:00,0.9315,0.9315
0,2023-06-16 00:00:00,0.9359,0.9359
0,2023-06-19 00:00:00,0.928,0.928
0,2023-06-20 00:00:00,0.9249,0.9249
0,2023-06-21 00:00:00,0.9086,0.9086
0,2023-06-26 00:00:00,0.8893,0.8893
0,2023-06-27 00:00:00,0.897,0.897
0,2023-06-28 00:00:00,0.8971,0.8971
0,2023-06-29 00:00:00,0.8949,0.8949
0,2023-06-30 00:00:00,0.9086,0.9086
0,2023-07-03 00:00:00,0.9231,0.9231
0,2023-07-04 00:00:00,0.9223,0.9223
0,2023-07-05 00:00:00,0.9161,0.9161
0,2023-07-06 00:00:00,0.9129,0.9129
0,2023-07-07 00:00:00,0.92,0.92
0,2023-07-10 00:00:00,0.9217,0.9217
0,2023-07-11 00:00:00,0.9259,0.9259
0,2023-07-12 00:00:00,0.9168,0.9168
0,2023-07-13 00:00:00,0.9346,0.9346
0,2023-07-14 00:00:00,0.9317,0.9317
0,2023-07-17 00:00:00,0.9271,0.9271
0,2023-07-18 00:00:00,0.9291,0.9291
0,2023-07-19 00:00:00,0.9347,0.9347
0,2023-07-20 00:00:00,0.9277,0.9277
0,2023-07-21 00:00:00,0.9298,0.9298
0,2023-07-24 00:00:00,0.9279,0.9279
0,2023-07-25 00:00:00,0.9742,0.9742
0,2023-07-26 00:00:00,0.9743,0.9743
0,2023-07-27 00:00:00,0.965,0.965
0,2023-07-28 00:00:00,1.0356,1.0356
0,2023-07-31 00:00:00,1.0441,1.0441
0,2023-08-01 00:00:00,1.0393,1.0393
0,2023-08-02 00:00:00,1.0471,1.0471
0,2023-08-03 00:00:00,1.0818,1.0818
0,2023-08-04 00:00:00,1.0941,1.0941
0,2023-08-07 00:00:00,1.0944,1.0944
0,2023-08-08 00:00:00,1.0881,1.0881
0,2023-08-09 00:00:00,1.0827,1.0827
0,2023-08-10 00:00:00,1.1017,1.1017
0,2023-08-11 00:00:00,1.0591,1.0591
0,2023-08-14 00:00:00,1.0481,1.0481
0,2023-08-15 00:00:00,1.0651,1.0651
0,2023-08-16 00:00:00,1.0686,1.0686
0,2023-08-17 00:00:00,1.0678,1.0678
0,2023-08-18 00:00:00,1.0519,1.0519
0,2023-08-21 00:00:00,1.0179,1.0179
0,2023-08-22 00:00:00,1.0323,1.0323
0,2023-08-23 00:00:00,1.0093,1.0093
0,2023-08-24 00:00:00,1.0223,1.0223
0,2023-08-25 00:00:00,1.0285,1.0285
0,2023-08-28 00:00:00,1.0515,1.0515
0,2023-08-29 00:00:00,1.0447,1.0447
0,2023-08-30 00:00:00,1.0177,1.0177
0,2023-08-31 00:00:00,0.9995,0.9995
0,2023-09-01 00:00:00,1.0006,1.0006
0,2023-09-04 00:00:00,1.0083,1.0083
0,2023-09-05 00:00:00,0.9981,0.9981
0,2023-09-06 00:00:00,0.9943,0.9943
0,2023-09-07 00:00:00,0.9904,0.9904
0,2023-09-08 00:00:00,0.9952,0.9952
0,2023-09-11 00:00:00,1.0094,1.0094
0,2023-09-12 00:00:00,0.9999,0.9999
0,2023-09-13 00:00:00,0.9891,0.9891
0,2023-09-14 00:00:00,0.9929,0.9929
0,2023-09-15 00:00:00,0.9868,0.9868
0,2023-09-18 00:00:00,0.9882,0.9882
0,2023-09-19 00:00:00,0.9875,0.9875
0,2023-09-20 00:00:00,0.9844,0.9844
0,2023-09-21 00:00:00,0.9767,0.9767
0,2023-09-22 00:00:00,1.0049,1.0049
0,2023-09-25 00:00:00,0.9822,0.9822
0,2023-09-26 00:00:00,0.9826,0.9826
0,2023-09-27 00:00:00,0.9837,0.9837
0,2023-09-28 00:00:00,0.9773,0.9773
0,2023-10-09 00:00:00,0.9681,0.9681
0,2023-10-10 00:00:00,0.9652,0.9652
0,2023-10-11 00:00:00,0.9626,0.9626
0,2023-10-12 00:00:00,0.9726,0.9726
0,2023-10-13 00:00:00,0.9637,0.9637
0,2023-10-16 00:00:00,0.9615,0.9615
0,2023-10-17 00:00:00,0.9738,0.9738
0,2023-10-18 00:00:00,0.9714,0.9714
0,2023-10-19 00:00:00,0.9664,0.9664
0,2023-10-20 00:00:00,0.9691,0.9691
0,2023-10-23 00:00:00,0.9474,0.9474
0,2023-10-24 00:00:00,0.9756,0.9756
0,2023-10-25 00:00:00,0.9749,0.9749
0,2023-10-26 00:00:00,0.9744,0.9744
0,2023-10-27 00:00:00,0.978,0.978
0,2023-10-30 00:00:00,0.973,0.973
0,2023-10-31 00:00:00,0.9754,0.9754
0,2023-11-01 00:00:00,0.9739,0.9739
0,2023-11-02 00:00:00,0.9669,0.9669
0,2023-11-03 00:00:00,0.977,0.977
0,2023-11-06 00:00:00,1.0135,1.0135
0,2023-11-07 00:00:00,1.0187,1.0187
0,2023-11-08 00:00:00,1.0082,1.0082
0,2023-11-09 00:00:00,1.0047,1.0047
0,2023-11-10 00:00:00,1.0053,1.0053
0,2023-11-13 00:00:00,1.0011,1.0011
0,2023-11-14 00:00:00,1.0129,1.0129
0,2023-11-15 00:00:00,1.014,1.014
0,2023-11-16 00:00:00,1.0069,1.0069
0,2023-11-17 00:00:00,1.0099,1.0099
0,2023-11-20 00:00:00,1.0044,1.0044
0,2023-11-21 00:00:00,1.0035,1.0035
0,2023-11-22 00:00:00,0.9949,0.9949
0,2023-11-23 00:00:00,0.9969,0.9969
0,2023-11-24 00:00:00,0.9872,0.9872
0,2023-11-27 00:00:00,0.9778,0.9778
0,2023-11-28 00:00:00,0.9755,0.9755
0,2023-11-29 00:00:00,0.9666,0.9666
0,2023-11-30 00:00:00,0.9696,0.9696
0,2023-12-01 00:00:00,0.975,0.975
0,2023-12-04 00:00:00,0.9732,0.9732
0,2023-12-05 00:00:00,0.9617,0.9617
0,2023-12-06 00:00:00,0.9568,0.9568
0,2023-12-07 00:00:00,0.9629,0.9629
0,2023-12-08 00:00:00,0.9562,0.9562
0,2023-12-11 00:00:00,0.9718,0.9718
0,2023-12-12 00:00:00,0.9696,0.9696
0,2023-12-13 00:00:00,0.9579,0.9579
0,2023-12-14 00:00:00,0.9539,0.9539
0,2023-12-15 00:00:00,0.9537,0.9537
0,2023-12-18 00:00:00,0.9518,0.9518
0,2023-12-19 00:00:00,0.9503,0.9503
0,2023-12-20 00:00:00,0.926,0.926
0,2023-12-21 00:00:00,0.9253,0.9253
0,2023-12-22 00:00:00,0.9238,0.9238
0,2023-12-25 00:00:00,0.9166,0.9166
0,2023-12-26 00:00:00,0.9076,0.9076
0,2023-12-27 00:00:00,0.9137,0.9137
0,2023-12-28 00:00:00,0.9336,0.9336
0,2023-12-29 00:00:00,0.9347,0.9347
0,2024-01-02 00:00:00,0.9232,0.9232
0,2024-01-03 00:00:00,0.9253,0.9253
0,2024-01-04 00:00:00,0.9164,0.9164
0,2024-01-05 00:00:00,0.9101,0.9101
0,2024-01-08 00:00:00,0.8942,0.8942
0,2024-01-09 00:00:00,0.8908,0.8908
0,2024-01-10 00:00:00,0.8861,0.8861
0,2024-01-11 00:00:00,0.8949,0.8949
0,2024-01-12 00:00:00,0.8871,0.8871
0,2024-01-15 00:00:00,0.8852,0.8852
0,2024-01-16 00:00:00,0.8944,0.8944
0,2024-01-17 00:00:00,0.8782,0.8782
0,2024-01-18 00:00:00,0.888,0.888
0,2024-01-19 00:00:00,0.8809,0.8809
0,2024-01-22 00:00:00,0.8614,0.8614
0,2024-01-23 00:00:00,0.8784,0.8784
0,2024-01-24 00:00:00,0.9137,0.9137
0,2024-01-25 00:00:00,0.9241,0.9241
0,2024-01-26 00:00:00,0.9237,0.9237
0,2024-01-29 00:00:00,0.908,0.908
0,2024-01-30 00:00:00,0.8964,0.8964
0,2024-01-31 00:00:00,0.8874,0.8874
0,2024-02-01 00:00:00,0.8838,0.8838
0,2024-02-02 00:00:00,0.866,0.866
0,2024-02-05 00:00:00,0.8497,0.8497
0,2024-02-06 00:00:00,0.8962,0.8962
0,2024-02-07 00:00:00,0.9078,0.9078
0,2024-02-08 00:00:00,0.9155,0.9155
0,2024-02-19 00:00:00,0.904,0.904
0,2024-02-20 00:00:00,0.915,0.915
0,2024-02-21 00:00:00,0.9225,0.9225
0,2024-02-22 00:00:00,0.9328,0.9328
0,2024-02-23 00:00:00,0.9348,0.9348
0,2024-02-26 00:00:00,0.9265,0.9265
0,2024-02-27 00:00:00,0.942,0.942
0,2024-02-28 00:00:00,0.9278,0.9278
0,2024-02-29 00:00:00,0.9457,0.9457
0,2024-03-01 00:00:00,0.951,0.951
0,2024-03-04 00:00:00,0.94,0.94
0,2024-03-05 00:00:00,0.9341,0.9341
0,2024-03-06 00:00:00,0.9338,0.9338
0,2024-03-07 00:00:00,0.9241,0.9241
0,2024-03-08 00:00:00,0.9243,0.9243
0,2024-03-11 00:00:00,0.9376,0.9376
0,2024-03-12 00:00:00,0.9424,0.9424
0,2024-03-13 00:00:00,0.9312,0.9312
0,2024-03-14 00:00:00,0.923,0.923
0,2024-03-15 00:00:00,0.9288,0.9288
0,2024-03-18 00:00:00,0.9483,0.9483
0,2024-03-19 00:00:00,0.9319,0.9319
0,2024-03-20 00:00:00,0.9337,0.9337
0,2024-03-21 00:00:00,0.9379,0.9379
0,2024-03-22 00:00:00,0.9231,0.9231
0,2024-03-25 00:00:00,0.8967,0.8967
0,2024-03-26 00:00:00,0.8998,0.8998
0,2024-03-27 00:00:00,0.8835,0.8835
0,2024-03-28 00:00:00,0.8867,0.8867
0,2024-03-29 00:00:00,0.8901,0.8901
0,2024-04-01 00:00:00,0.902,0.902
0,2024-04-02 00:00:00,0.8964,0.8964
0,2024-04-03 00:00:00,0.8903,0.8903
0,2024-04-08 00:00:00,0.8746,0.8746
0,2024-04-09 00:00:00,0.8769,0.8769
0,2024-04-10 00:00:00,0.8615,0.8615
0,2024-04-11 00:00:00,0.8584,0.8584
0,2024-04-12 00:00:00,0.8437,0.8437
0,2024-04-15 00:00:00,0.8579,0.8579
0,2024-04-16 00:00:00,0.8426,0.8426
0,2024-04-17 00:00:00,0.8595,0.8595
0,2024-04-18 00:00:00,0.8649,0.8649
0,2024-04-19 00:00:00,0.8601,0.8601
0,2024-04-22 00:00:00,0.8608,0.8608
0,2024-04-23 00:00:00,0.86,0.86
0,2024-04-24 00:00:00,0.8612,0.8612
0,2024-04-25 00:00:00,0.8589,0.8589
0,2024-04-26 00:00:00,0.9075,0.9075
0,2024-04-29 00:00:00,0.9202,0.9202
0,2024-04-30 00:00:00,0.9048,0.9048
0,2024-05-06 00:00:00,0.9096,0.9096
0,2024-05-07 00:00:00,0.9068,0.9068
0,2024-05-08 00:00:00,0.8946,0.8946
0,2024-05-09 00:00:00,0.9009,0.9009
0,2024-05-10 00:00:00,0.9075,0.9075
0,2024-05-13 00:00:00,0.9096,0.9096
0,2024-05-14 00:00:00,0.914,0.914
0,2024-05-15 00:00:00,0.8906,0.8906
0,2024-05-16 00:00:00,0.8907,0.8907
0,2024-05-17 00:00:00,0.9032,0.9032
0,2024-05-20 00:00:00,0.9039,0.9039
0,2024-05-21 00:00:00,0.899,0.899
0,2024-05-22 00:00:00,0.9009,0.9009
0,2024-05-23 00:00:00,0.8838,0.8838
0,2024-05-24 00:00:00,0.8724,0.8724
0,2024-05-27 00:00:00,0.8805,0.8805
0,2024-05-28 00:00:00,0.8714,0.8714
0,2024-05-29 00:00:00,0.8738,0.8738
0,2024-05-30 00:00:00,0.8721,0.8721
0,2024-05-31 00:00:00,0.8701,0.8701
0,2024-06-03 00:00:00,0.8613,0.8613
0,2024-06-04 00:00:00,0.8667,0.8667
0,2024-06-05 00:00:00,0.8623,0.8623
0,2024-06-06 00:00:00,0.852,0.852
0,2024-06-07 00:00:00,0.8479,0.8479
0,2024-06-11 00:00:00,0.8473,0.8473
0,2024-06-12 00:00:00,0.8472,0.8472
0,2024-06-13 00:00:00,0.8465,0.8465
0,2024-06-14 00:00:00,0.8649,0.8649
0,2024-06-17 00:00:00,0.8653,0.8653
0,2024-06-18 00:00:00,0.8713,0.8713
0,2024-06-19 00:00:00,0.8603,0.8603
0,2024-06-20 00:00:00,0.852,0.852
0,2024-06-21 00:00:00,0.8533,0.8533
0,2024-06-24 00:00:00,0.8449,0.8449
0,2024-06-25 00:00:00,0.8329,0.8329
0,2024-06-26 00:00:00,0.8424,0.8424
0,2024-06-27 00:00:00,0.8331,0.8331
0,2024-06-28 00:00:00,0.8164,0.8164
0,2024-07-01 00:00:00,0.8174,0.8174
0,2024-07-02 00:00:00,0.8136,0.8136
0,2024-07-03 00:00:00,0.8157,0.8157
0,2024-07-04 00:00:00,0.801,0.801
0,2024-07-05 00:00:00,0.8021,0.8021
0,2024-07-08 00:00:00,0.7819,0.7819
0,2024-07-09 00:00:00,0.7972,0.7972
0,2024-07-10 00:00:00,0.7982,0.7982
0,2024-07-11 00:00:00,0.8092,0.8092
0,2024-07-12 00:00:00,0.8071,0.8071
0,2024-07-15 00:00:00,0.807,0.807
0,2024-07-16 00:00:00,0.8141,0.8141
0,2024-07-17 00:00:00,0.8193,0.8193
0,2024-07-18 00:00:00,0.8238,0.8238
0,2024-07-19 00:00:00,0.8332,0.8332
0,2024-07-22 00:00:00,0.8389,0.8389
0,2024-07-23 00:00:00,0.82,0.82
0,2024-07-24 00:00:00,0.811,0.811
0,2024-07-25 00:00:00,0.8196,0.8196
0,2024-07-26 00:00:00,0.834,0.834
0,2024-07-29 00:00:00,0.8274,0.8274
0,2024-07-30 00:00:00,0.8303,0.8303
0,2024-07-31 00:00:00,0.8707,0.8707
0,2024-08-01 00:00:00,0.8678,0.8678
0,2024-08-02 00:00:00,0.8505,0.8505
0,2024-08-05 00:00:00,0.8458,0.8458
0,2024-08-06 00:00:00,0.8461,0.8461
0,2024-08-07 00:00:00,0.843,0.843
0,2024-08-08 00:00:00,0.8463,0.8463
0,2024-08-09 00:00:00,0.8383,0.8383
0,2024-08-12 00:00:00,0.8363,0.8363
0,2024-08-13 00:00:00,0.8465,0.8465
0,2024-08-14 00:00:00,0.8406,0.8406
0,2024-08-15 00:00:00,0.8496,0.8496
0,2024-08-16 00:00:00,0.8449,0.8449
0,2024-08-19 00:00:00,0.8443,0.8443
0,2024-08-20 00:00:00,0.8361,0.8361
0,2024-08-21 00:00:00,0.8339,0.8339
0,2024-08-22 00:00:00,0.8203,0.8203
0,2024-08-23 00:00:00,0.8278,0.8278
0,2024-08-26 00:00:00,0.8284,0.8284
0,2024-08-27 00:00:00,0.821,0.821
0,2024-08-28 00:00:00,0.8212,0.8212
0,2024-08-29 00:00:00,0.8246,0.8246
0,2024-08-30 00:00:00,0.8451,0.8451
0,2024-09-02 00:00:00,0.8245,0.8245
0,2024-09-03 00:00:00,0.8312,0.8312
0,2024-09-04 00:00:00,0.83,0.83
0,2024-09-05 00:00:00,0.8377,0.8377
0,2024-09-06 00:00:00,0.8415,0.8415
0,2024-09-09 00:00:00,0.8413,0.8413
0,2024-09-10 00:00:00,0.8372,0.8372
0,2024-09-11 00:00:00,0.838,0.838
0,2024-09-12 00:00:00,0.8358,0.8358
0,2024-09-13 00:00:00,0.8369,0.8369
0,2024-09-18 00:00:00,0.8376,0.8376
0,2024-09-19 00:00:00,0.8486,0.8486
0,2024-09-20 00:00:00,0.8481,0.8481
0,2024-09-23 00:00:00,0.8478,0.8478
0,2024-09-24 00:00:00,0.8955,0.8955
0,2024-09-25 00:00:00,0.9141,0.9141
0,2024-09-26 00:00:00,0.9641,0.9641
0,2024-09-27 00:00:00,1.0458,1.0458
0,2024-09-30 00:00:00,1.1733,1.1733
0,2024-10-08 00:00:00,1.2855,1.2855
0,2024-10-09 00:00:00,1.2444,1.2444
0,2024-10-10 00:00:00,1.1798,1.1798
0,2024-10-11 00:00:00,1.1682,1.1682
0,2024-10-14 00:00:00,1.1692,1.1692
0,2024-10-15 00:00:00,1.1297,1.1297
0,2024-10-16 00:00:00,1.137,1.137
0,2024-10-17 00:00:00,1.13,1.13
0,2024-10-18 00:00:00,1.2045,1.2045
0,2024-10-21 00:00:00,1.1812,1.1812
0,2024-10-22 00:00:00,1.1898,1.1898
0,2024-10-23 00:00:00,1.184,1.184
0,2024-10-24 00:00:00,1.1819,1.1819
0,2024-10-25 00:00:00,1.1913,1.1913
0,2024-10-28 00:00:00,1.1925,1.1925
0,2024-10-29 00:00:00,1.1802,1.1802
0,2024-10-30 00:00:00,1.1772,1.1772
0,2024-10-31 00:00:00,1.2083,1.2083
0,2024-11-01 00:00:00,1.1951,1.1951
0,2024-11-04 00:00:00,1.2393,1.2393
0,2024-11-05 00:00:00,1.303,1.303
0,2024-11-06 00:00:00,1.2994,1.2994
0,2024-11-07 00:00:00,1.3962,1.3962
0,2024-11-08 00:00:00,1.362,1.362
0,2024-11-11 00:00:00,1.362,1.362
0,2024-11-12 00:00:00,1.3336,1.3336
0,2024-11-13 00:00:00,1.328,1.328
0,2024-11-14 00:00:00,1.3093,1.3093
0,2024-11-15 00:00:00,1.2571,1.2571
0,2024-11-18 00:00:00,1.243,1.243
0,2024-11-19 00:00:00,1.2658,1.2658
0,2024-11-20 00:00:00,1.2677,1.2677
0,2024-11-21 00:00:00,1.2804,1.2804
0,2024-11-22 00:00:00,1.2214,1.2214
0,2024-11-25 00:00:00,1.2127,1.2127
0,2024-11-26 00:00:00,1.2113,1.2113
0,2024-11-27 00:00:00,1.2392,1.2392
0,2024-11-28 00:00:00,1.2274,1.2274
0,2024-11-29 00:00:00,1.259,1.259
0,2024-12-02 00:00:00,1.2731,1.2731
0,2024-12-03 00:00:00,1.2729,1.2729
0,2024-12-04 00:00:00,1.2591,1.2591
0,2024-12-05 00:00:00,1.2726,1.2726
0,2024-12-06 00:00:00,1.2878,1.2878
0,2024-12-09 00:00:00,1.2754,1.2754
0,2024-12-10 00:00:00,1.2871,1.2871
0,2024-12-11 00:00:00,1.2837,1.2837
0,2024-12-12 00:00:00,1.3007,1.3007
0,2024-12-13 00:00:00,1.2639,1.2639
0,2024-12-16 00:00:00,1.246,1.246
0,2024-12-17 00:00:00,1.2454,1.2454
0,2024-12-18 00:00:00,1.2439,1.2439
